Incomes, 1000, 1259, 1585, 1995, 2512, 3162, 3981, 5012, 6310, 7943, 10000, 12589, 15849, 19953, 25119, 31623, 39811, 50119, 63096, 79433, 100000, 125893, 158489, 199526, 251189, 316228, 398107, 501187, 630957, 794328, 1000000, 1258925, 1584893, 1995262, 2511886, 3162278, 3981072, 5011872, 6309573, 7943282, 10000000, 12589254, 15848932, 19952623, 25118864, 31622777, 39810717, 50118723, 63095734, 79432823, 100000000
1862, 0.0, 0.0, 0.0, 0.0, 0.0, 0.0, 0.0, 0.0, 0.0, 0.0, 0.0, 0.0, 0.0, 0.18, 0.76, 1.22, 1.59, 1.88, 2.11, 2.29, 2.44, 2.55, 2.64, 2.72, 2.78, 2.84, 3.29, 3.64, 3.92, 4.14, 4.32, 4.46, 4.57, 4.66, 4.73, 4.78, 4.83, 4.86, 4.89, 4.91, 4.93, 4.95, 4.96, 4.97, 4.97, 4.98, 4.98, 4.99, 4.99, 4.99, 4.99
1863, 0.0, 0.0, 0.0, 0.0, 0.0, 0.0, 0.0, 0.0, 0.0, 0.0, 0.0, 0.0, 0.12, 0.71, 1.18, 1.56, 1.85, 2.09, 2.28, 2.43, 2.54, 2.64, 2.71, 2.77, 2.82, 3.25, 3.61, 3.9, 4.12, 4.3, 4.45, 4.56, 4.65, 4.72, 4.78, 4.83, 4.86, 4.89, 4.91, 4.93, 4.94, 4.96, 4.97, 4.97, 4.98, 4.98, 4.99, 4.99, 4.99, 4.99, 4.99
1864, 0.0, 0.0, 0.0, 0.0, 0.0, 0.0, 0.0, 0.0, 0.0, 0.0, 0.0, 0.24, 1.22, 2.0, 2.62, 3.11, 3.5, 3.8, 4.05, 4.25, 4.4, 5.04, 5.55, 5.95, 6.78, 7.44, 7.97, 8.39, 8.72, 8.98, 9.19, 9.36, 9.49, 9.59, 9.68, 9.74, 9.8, 9.84, 9.87, 9.9, 9.92, 9.94, 9.95, 9.96, 9.97, 9.97, 9.98, 9.98, 9.99, 9.99, 9.99
1865, 0.0, 0.0, 0.0, 0.0, 0.0, 0.0, 0.0, 0.0, 0.0, 0.0, 0.0, 0.14, 1.14, 1.93, 2.56, 3.06, 3.46, 3.78, 4.03, 4.23, 4.39, 4.99, 5.5, 5.92, 6.71, 7.39, 7.92, 8.35, 8.69, 8.96, 9.17, 9.34, 9.48, 9.59, 9.67, 9.74, 9.79, 9.84, 9.87, 9.9, 9.92, 9.93, 9.95, 9.96, 9.97, 9.97, 9.98, 9.98, 9.99, 9.99, 9.99
1866, 0.0, 0.0, 0.0, 0.0, 0.0, 0.0, 0.0, 0.0, 0.0, 0.0, 0.0, 0.0, 0.96, 1.79, 2.45, 2.98, 3.39, 3.72, 3.99, 4.19, 4.36, 4.87, 5.41, 5.84, 6.56, 7.27, 7.83, 8.28, 8.63, 8.91, 9.14, 9.31, 9.45, 9.57, 9.66, 9.73, 9.78, 9.83, 9.86, 9.89, 9.91, 9.93, 9.95, 9.96, 9.97, 9.97, 9.98, 9.98, 9.99, 9.99, 9.99
1867, 0.0, 0.0, 0.0, 0.0, 0.0, 0.0, 0.0, 0.0, 0.0, 0.0, 0.0, 0.0, 0.0, 0.0, 0.55, 1.47, 2.19, 2.77, 3.23, 3.59, 3.88, 4.11, 4.3, 4.44, 4.56, 4.65, 4.72, 4.78, 4.82, 4.86, 4.89, 4.91, 4.93, 4.94, 4.96, 4.96, 4.97, 4.98, 4.98, 4.99, 4.99, 4.99, 4.99, 4.99, 5.0, 5.0, 5.0, 5.0, 5.0, 5.0, 5.0
1868, 0.0, 0.0, 0.0, 0.0, 0.0, 0.0, 0.0, 0.0, 0.0, 0.0, 0.0, 0.0, 0.0, 0.0, 0.33, 1.29, 2.05, 2.66, 3.14, 3.52, 3.83, 4.07, 4.26, 4.41, 4.53, 4.63, 4.71, 4.77, 4.81, 4.85, 4.88, 4.91, 4.93, 4.94, 4.95, 4.96, 4.97, 4.98, 4.98, 4.99, 4.99, 4.99, 4.99, 4.99, 5.0, 5.0, 5.0, 5.0, 5.0, 5.0, 5.0
1869, 0.0, 0.0, 0.0, 0.0, 0.0, 0.0, 0.0, 0.0, 0.0, 0.0, 0.0, 0.0, 0.0, 0.0, 0.33, 1.29, 2.05, 2.66, 3.14, 3.52, 3.83, 4.07, 4.26, 4.41, 4.53, 4.63, 4.71, 4.77, 4.81, 4.85, 4.88, 4.91, 4.93, 4.94, 4.95, 4.96, 4.97, 4.98, 4.98, 4.99, 4.99, 4.99, 4.99, 4.99, 5.0, 5.0, 5.0, 5.0, 5.0, 5.0, 5.0
1870, 0.0, 0.0, 0.0, 0.0, 0.0, 0.0, 0.0, 0.0, 0.0, 0.0, 0.0, 0.0, 0.0, 0.0, 0.0, 0.0, 0.0, 0.04, 0.54, 0.95, 1.27, 1.52, 1.72, 1.88, 2.01, 2.11, 2.19, 2.25, 2.3, 2.34, 2.38, 2.4, 2.42, 2.44, 2.45, 2.46, 2.47, 2.48, 2.48, 2.48, 2.49, 2.49, 2.49, 2.49, 2.5, 2.5, 2.5, 2.5, 2.5, 2.5, 2.5
1871, 0.0, 0.0, 0.0, 0.0, 0.0, 0.0, 0.0, 0.0, 0.0, 0.0, 0.0, 0.0, 0.0, 0.0, 0.0, 0.0, 0.0, 0.0, 0.43, 0.86, 1.2, 1.46, 1.68, 1.85, 1.98, 2.09, 2.17, 2.24, 2.29, 2.34, 2.37, 2.4, 2.42, 2.43, 2.45, 2.46, 2.47, 2.47, 2.48, 2.48, 2.49, 2.49, 2.49, 2.49, 2.49, 2.5, 2.5, 2.5, 2.5, 2.5, 2.5
1872, 0.0, 0.0, 0.0, 0.0, 0.0, 0.0, 0.0, 0.0, 0.0, 0.0, 0.0, 0.0, 0.0, 0.0, 0.0, 0.0, 0.0, 0.0, 0.43, 0.86, 1.2, 1.46, 1.68, 1.85, 1.98, 2.09, 2.17, 2.24, 2.29, 2.34, 2.37, 2.4, 2.42, 2.43, 2.45, 2.46, 2.47, 2.47, 2.48, 2.48, 2.49, 2.49, 2.49, 2.49, 2.49, 2.5, 2.5, 2.5, 2.5, 2.5, 2.5
1873, 0.0, 0.0, 0.0, 0.0, 0.0, 0.0, 0.0, 0.0, 0.0, 0.0, 0.0, 0.0, 0.0, 0.0, 0.0, 0.0, 0.0, 0.0, 0.0, 0.0, 0.0, 0.0, 0.0, 0.0, 0.0, 0.0, 0.0, 0.0, 0.0, 0.0, 0.0, 0.0, 0.0, 0.0, 0.0, 0.0, 0.0, 0.0, 0.0, 0.0, 0.0, 0.0, 0.0, 0.0, 0.0, 0.0, 0.0, 0.0, 0.0, 0.0, 0.0
1874, 0.0, 0.0, 0.0, 0.0, 0.0, 0.0, 0.0, 0.0, 0.0, 0.0, 0.0, 0.0, 0.0, 0.0, 0.0, 0.0, 0.0, 0.0, 0.0, 0.0, 0.0, 0.0, 0.0, 0.0, 0.0, 0.0, 0.0, 0.0, 0.0, 0.0, 0.0, 0.0, 0.0, 0.0, 0.0, 0.0, 0.0, 0.0, 0.0, 0.0, 0.0, 0.0, 0.0, 0.0, 0.0, 0.0, 0.0, 0.0, 0.0, 0.0, 0.0
1875, 0.0, 0.0, 0.0, 0.0, 0.0, 0.0, 0.0, 0.0, 0.0, 0.0, 0.0, 0.0, 0.0, 0.0, 0.0, 0.0, 0.0, 0.0, 0.0, 0.0, 0.0, 0.0, 0.0, 0.0, 0.0, 0.0, 0.0, 0.0, 0.0, 0.0, 0.0, 0.0, 0.0, 0.0, 0.0, 0.0, 0.0, 0.0, 0.0, 0.0, 0.0, 0.0, 0.0, 0.0, 0.0, 0.0, 0.0, 0.0, 0.0, 0.0, 0.0
1876, 0.0, 0.0, 0.0, 0.0, 0.0, 0.0, 0.0, 0.0, 0.0, 0.0, 0.0, 0.0, 0.0, 0.0, 0.0, 0.0, 0.0, 0.0, 0.0, 0.0, 0.0, 0.0, 0.0, 0.0, 0.0, 0.0, 0.0, 0.0, 0.0, 0.0, 0.0, 0.0, 0.0, 0.0, 0.0, 0.0, 0.0, 0.0, 0.0, 0.0, 0.0, 0.0, 0.0, 0.0, 0.0, 0.0, 0.0, 0.0, 0.0, 0.0, 0.0
1877, 0.0, 0.0, 0.0, 0.0, 0.0, 0.0, 0.0, 0.0, 0.0, 0.0, 0.0, 0.0, 0.0, 0.0, 0.0, 0.0, 0.0, 0.0, 0.0, 0.0, 0.0, 0.0, 0.0, 0.0, 0.0, 0.0, 0.0, 0.0, 0.0, 0.0, 0.0, 0.0, 0.0, 0.0, 0.0, 0.0, 0.0, 0.0, 0.0, 0.0, 0.0, 0.0, 0.0, 0.0, 0.0, 0.0, 0.0, 0.0, 0.0, 0.0, 0.0
1878, 0.0, 0.0, 0.0, 0.0, 0.0, 0.0, 0.0, 0.0, 0.0, 0.0, 0.0, 0.0, 0.0, 0.0, 0.0, 0.0, 0.0, 0.0, 0.0, 0.0, 0.0, 0.0, 0.0, 0.0, 0.0, 0.0, 0.0, 0.0, 0.0, 0.0, 0.0, 0.0, 0.0, 0.0, 0.0, 0.0, 0.0, 0.0, 0.0, 0.0, 0.0, 0.0, 0.0, 0.0, 0.0, 0.0, 0.0, 0.0, 0.0, 0.0, 0.0
1879, 0.0, 0.0, 0.0, 0.0, 0.0, 0.0, 0.0, 0.0, 0.0, 0.0, 0.0, 0.0, 0.0, 0.0, 0.0, 0.0, 0.0, 0.0, 0.0, 0.0, 0.0, 0.0, 0.0, 0.0, 0.0, 0.0, 0.0, 0.0, 0.0, 0.0, 0.0, 0.0, 0.0, 0.0, 0.0, 0.0, 0.0, 0.0, 0.0, 0.0, 0.0, 0.0, 0.0, 0.0, 0.0, 0.0, 0.0, 0.0, 0.0, 0.0, 0.0
1880, 0.0, 0.0, 0.0, 0.0, 0.0, 0.0, 0.0, 0.0, 0.0, 0.0, 0.0, 0.0, 0.0, 0.0, 0.0, 0.0, 0.0, 0.0, 0.0, 0.0, 0.0, 0.0, 0.0, 0.0, 0.0, 0.0, 0.0, 0.0, 0.0, 0.0, 0.0, 0.0, 0.0, 0.0, 0.0, 0.0, 0.0, 0.0, 0.0, 0.0, 0.0, 0.0, 0.0, 0.0, 0.0, 0.0, 0.0, 0.0, 0.0, 0.0, 0.0
1881, 0.0, 0.0, 0.0, 0.0, 0.0, 0.0, 0.0, 0.0, 0.0, 0.0, 0.0, 0.0, 0.0, 0.0, 0.0, 0.0, 0.0, 0.0, 0.0, 0.0, 0.0, 0.0, 0.0, 0.0, 0.0, 0.0, 0.0, 0.0, 0.0, 0.0, 0.0, 0.0, 0.0, 0.0, 0.0, 0.0, 0.0, 0.0, 0.0, 0.0, 0.0, 0.0, 0.0, 0.0, 0.0, 0.0, 0.0, 0.0, 0.0, 0.0, 0.0
1882, 0.0, 0.0, 0.0, 0.0, 0.0, 0.0, 0.0, 0.0, 0.0, 0.0, 0.0, 0.0, 0.0, 0.0, 0.0, 0.0, 0.0, 0.0, 0.0, 0.0, 0.0, 0.0, 0.0, 0.0, 0.0, 0.0, 0.0, 0.0, 0.0, 0.0, 0.0, 0.0, 0.0, 0.0, 0.0, 0.0, 0.0, 0.0, 0.0, 0.0, 0.0, 0.0, 0.0, 0.0, 0.0, 0.0, 0.0, 0.0, 0.0, 0.0, 0.0
1883, 0.0, 0.0, 0.0, 0.0, 0.0, 0.0, 0.0, 0.0, 0.0, 0.0, 0.0, 0.0, 0.0, 0.0, 0.0, 0.0, 0.0, 0.0, 0.0, 0.0, 0.0, 0.0, 0.0, 0.0, 0.0, 0.0, 0.0, 0.0, 0.0, 0.0, 0.0, 0.0, 0.0, 0.0, 0.0, 0.0, 0.0, 0.0, 0.0, 0.0, 0.0, 0.0, 0.0, 0.0, 0.0, 0.0, 0.0, 0.0, 0.0, 0.0, 0.0
1884, 0.0, 0.0, 0.0, 0.0, 0.0, 0.0, 0.0, 0.0, 0.0, 0.0, 0.0, 0.0, 0.0, 0.0, 0.0, 0.0, 0.0, 0.0, 0.0, 0.0, 0.0, 0.0, 0.0, 0.0, 0.0, 0.0, 0.0, 0.0, 0.0, 0.0, 0.0, 0.0, 0.0, 0.0, 0.0, 0.0, 0.0, 0.0, 0.0, 0.0, 0.0, 0.0, 0.0, 0.0, 0.0, 0.0, 0.0, 0.0, 0.0, 0.0, 0.0
1885, 0.0, 0.0, 0.0, 0.0, 0.0, 0.0, 0.0, 0.0, 0.0, 0.0, 0.0, 0.0, 0.0, 0.0, 0.0, 0.0, 0.0, 0.0, 0.0, 0.0, 0.0, 0.0, 0.0, 0.0, 0.0, 0.0, 0.0, 0.0, 0.0, 0.0, 0.0, 0.0, 0.0, 0.0, 0.0, 0.0, 0.0, 0.0, 0.0, 0.0, 0.0, 0.0, 0.0, 0.0, 0.0, 0.0, 0.0, 0.0, 0.0, 0.0, 0.0
1886, 0.0, 0.0, 0.0, 0.0, 0.0, 0.0, 0.0, 0.0, 0.0, 0.0, 0.0, 0.0, 0.0, 0.0, 0.0, 0.0, 0.0, 0.0, 0.0, 0.0, 0.0, 0.0, 0.0, 0.0, 0.0, 0.0, 0.0, 0.0, 0.0, 0.0, 0.0, 0.0, 0.0, 0.0, 0.0, 0.0, 0.0, 0.0, 0.0, 0.0, 0.0, 0.0, 0.0, 0.0, 0.0, 0.0, 0.0, 0.0, 0.0, 0.0, 0.0
1887, 0.0, 0.0, 0.0, 0.0, 0.0, 0.0, 0.0, 0.0, 0.0, 0.0, 0.0, 0.0, 0.0, 0.0, 0.0, 0.0, 0.0, 0.0, 0.0, 0.0, 0.0, 0.0, 0.0, 0.0, 0.0, 0.0, 0.0, 0.0, 0.0, 0.0, 0.0, 0.0, 0.0, 0.0, 0.0, 0.0, 0.0, 0.0, 0.0, 0.0, 0.0, 0.0, 0.0, 0.0, 0.0, 0.0, 0.0, 0.0, 0.0, 0.0, 0.0
1888, 0.0, 0.0, 0.0, 0.0, 0.0, 0.0, 0.0, 0.0, 0.0, 0.0, 0.0, 0.0, 0.0, 0.0, 0.0, 0.0, 0.0, 0.0, 0.0, 0.0, 0.0, 0.0, 0.0, 0.0, 0.0, 0.0, 0.0, 0.0, 0.0, 0.0, 0.0, 0.0, 0.0, 0.0, 0.0, 0.0, 0.0, 0.0, 0.0, 0.0, 0.0, 0.0, 0.0, 0.0, 0.0, 0.0, 0.0, 0.0, 0.0, 0.0, 0.0
1889, 0.0, 0.0, 0.0, 0.0, 0.0, 0.0, 0.0, 0.0, 0.0, 0.0, 0.0, 0.0, 0.0, 0.0, 0.0, 0.0, 0.0, 0.0, 0.0, 0.0, 0.0, 0.0, 0.0, 0.0, 0.0, 0.0, 0.0, 0.0, 0.0, 0.0, 0.0, 0.0, 0.0, 0.0, 0.0, 0.0, 0.0, 0.0, 0.0, 0.0, 0.0, 0.0, 0.0, 0.0, 0.0, 0.0, 0.0, 0.0, 0.0, 0.0, 0.0
1890, 0.0, 0.0, 0.0, 0.0, 0.0, 0.0, 0.0, 0.0, 0.0, 0.0, 0.0, 0.0, 0.0, 0.0, 0.0, 0.0, 0.0, 0.0, 0.0, 0.0, 0.0, 0.0, 0.0, 0.0, 0.0, 0.0, 0.0, 0.0, 0.0, 0.0, 0.0, 0.0, 0.0, 0.0, 0.0, 0.0, 0.0, 0.0, 0.0, 0.0, 0.0, 0.0, 0.0, 0.0, 0.0, 0.0, 0.0, 0.0, 0.0, 0.0, 0.0
1891, 0.0, 0.0, 0.0, 0.0, 0.0, 0.0, 0.0, 0.0, 0.0, 0.0, 0.0, 0.0, 0.0, 0.0, 0.0, 0.0, 0.0, 0.0, 0.0, 0.0, 0.0, 0.0, 0.0, 0.0, 0.0, 0.0, 0.0, 0.0, 0.0, 0.0, 0.0, 0.0, 0.0, 0.0, 0.0, 0.0, 0.0, 0.0, 0.0, 0.0, 0.0, 0.0, 0.0, 0.0, 0.0, 0.0, 0.0, 0.0, 0.0, 0.0, 0.0
1892, 0.0, 0.0, 0.0, 0.0, 0.0, 0.0, 0.0, 0.0, 0.0, 0.0, 0.0, 0.0, 0.0, 0.0, 0.0, 0.0, 0.0, 0.0, 0.0, 0.0, 0.0, 0.0, 0.0, 0.0, 0.0, 0.0, 0.0, 0.0, 0.0, 0.0, 0.0, 0.0, 0.0, 0.0, 0.0, 0.0, 0.0, 0.0, 0.0, 0.0, 0.0, 0.0, 0.0, 0.0, 0.0, 0.0, 0.0, 0.0, 0.0, 0.0, 0.0
1893, 0.0, 0.0, 0.0, 0.0, 0.0, 0.0, 0.0, 0.0, 0.0, 0.0, 0.0, 0.0, 0.0, 0.0, 0.0, 0.0, 0.0, 0.0, 0.0, 0.0, 0.0, 0.0, 0.0, 0.0, 0.0, 0.0, 0.0, 0.0, 0.0, 0.0, 0.0, 0.0, 0.0, 0.0, 0.0, 0.0, 0.0, 0.0, 0.0, 0.0, 0.0, 0.0, 0.0, 0.0, 0.0, 0.0, 0.0, 0.0, 0.0, 0.0, 0.0
1894, 0.0, 0.0, 0.0, 0.0, 0.0, 0.0, 0.0, 0.0, 0.0, 0.0, 0.0, 0.0, 0.0, 0.0, 0.0, 0.0, 0.0, 0.0, 0.0, 0.0, 0.0, 0.0, 0.18, 0.55, 0.85, 1.09, 1.27, 1.42, 1.54, 1.64, 1.71, 1.77, 1.82, 1.86, 1.89, 1.91, 1.93, 1.94, 1.95, 1.96, 1.97, 1.98, 1.98, 1.99, 1.99, 1.99, 1.99, 1.99, 2.0, 2.0, 2.0
1895, 0.0, 0.0, 0.0, 0.0, 0.0, 0.0, 0.0, 0.0, 0.0, 0.0, 0.0, 0.0, 0.0, 0.0, 0.0, 0.0, 0.0, 0.0, 0.0, 0.0, 0.0, 0.0, 0.0, 0.0, 0.0, 0.0, 0.0, 0.0, 0.0, 0.0, 0.0, 0.0, 0.0, 0.0, 0.0, 0.0, 0.0, 0.0, 0.0, 0.0, 0.0, 0.0, 0.0, 0.0, 0.0, 0.0, 0.0, 0.0, 0.0, 0.0, 0.0
1896, 0.0, 0.0, 0.0, 0.0, 0.0, 0.0, 0.0, 0.0, 0.0, 0.0, 0.0, 0.0, 0.0, 0.0, 0.0, 0.0, 0.0, 0.0, 0.0, 0.0, 0.0, 0.0, 0.0, 0.0, 0.0, 0.0, 0.0, 0.0, 0.0, 0.0, 0.0, 0.0, 0.0, 0.0, 0.0, 0.0, 0.0, 0.0, 0.0, 0.0, 0.0, 0.0, 0.0, 0.0, 0.0, 0.0, 0.0, 0.0, 0.0, 0.0, 0.0
1897, 0.0, 0.0, 0.0, 0.0, 0.0, 0.0, 0.0, 0.0, 0.0, 0.0, 0.0, 0.0, 0.0, 0.0, 0.0, 0.0, 0.0, 0.0, 0.0, 0.0, 0.0, 0.0, 0.0, 0.0, 0.0, 0.0, 0.0, 0.0, 0.0, 0.0, 0.0, 0.0, 0.0, 0.0, 0.0, 0.0, 0.0, 0.0, 0.0, 0.0, 0.0, 0.0, 0.0, 0.0, 0.0, 0.0, 0.0, 0.0, 0.0, 0.0, 0.0
1898, 0.0, 0.0, 0.0, 0.0, 0.0, 0.0, 0.0, 0.0, 0.0, 0.0, 0.0, 0.0, 0.0, 0.0, 0.0, 0.0, 0.0, 0.0, 0.0, 0.0, 0.0, 0.0, 0.0, 0.0, 0.0, 0.0, 0.0, 0.0, 0.0, 0.0, 0.0, 0.0, 0.0, 0.0, 0.0, 0.0, 0.0, 0.0, 0.0, 0.0, 0.0, 0.0, 0.0, 0.0, 0.0, 0.0, 0.0, 0.0, 0.0, 0.0, 0.0
1899, 0.0, 0.0, 0.0, 0.0, 0.0, 0.0, 0.0, 0.0, 0.0, 0.0, 0.0, 0.0, 0.0, 0.0, 0.0, 0.0, 0.0, 0.0, 0.0, 0.0, 0.0, 0.0, 0.0, 0.0, 0.0, 0.0, 0.0, 0.0, 0.0, 0.0, 0.0, 0.0, 0.0, 0.0, 0.0, 0.0, 0.0, 0.0, 0.0, 0.0, 0.0, 0.0, 0.0, 0.0, 0.0, 0.0, 0.0, 0.0, 0.0, 0.0, 0.0
1900, 0.0, 0.0, 0.0, 0.0, 0.0, 0.0, 0.0, 0.0, 0.0, 0.0, 0.0, 0.0, 0.0, 0.0, 0.0, 0.0, 0.0, 0.0, 0.0, 0.0, 0.0, 0.0, 0.0, 0.0, 0.0, 0.0, 0.0, 0.0, 0.0, 0.0, 0.0, 0.0, 0.0, 0.0, 0.0, 0.0, 0.0, 0.0, 0.0, 0.0, 0.0, 0.0, 0.0, 0.0, 0.0, 0.0, 0.0, 0.0, 0.0, 0.0, 0.0
1901, 0.0, 0.0, 0.0, 0.0, 0.0, 0.0, 0.0, 0.0, 0.0, 0.0, 0.0, 0.0, 0.0, 0.0, 0.0, 0.0, 0.0, 0.0, 0.0, 0.0, 0.0, 0.0, 0.0, 0.0, 0.0, 0.0, 0.0, 0.0, 0.0, 0.0, 0.0, 0.0, 0.0, 0.0, 0.0, 0.0, 0.0, 0.0, 0.0, 0.0, 0.0, 0.0, 0.0, 0.0, 0.0, 0.0, 0.0, 0.0, 0.0, 0.0, 0.0
1902, 0.0, 0.0, 0.0, 0.0, 0.0, 0.0, 0.0, 0.0, 0.0, 0.0, 0.0, 0.0, 0.0, 0.0, 0.0, 0.0, 0.0, 0.0, 0.0, 0.0, 0.0, 0.0, 0.0, 0.0, 0.0, 0.0, 0.0, 0.0, 0.0, 0.0, 0.0, 0.0, 0.0, 0.0, 0.0, 0.0, 0.0, 0.0, 0.0, 0.0, 0.0, 0.0, 0.0, 0.0, 0.0, 0.0, 0.0, 0.0, 0.0, 0.0, 0.0
1903, 0.0, 0.0, 0.0, 0.0, 0.0, 0.0, 0.0, 0.0, 0.0, 0.0, 0.0, 0.0, 0.0, 0.0, 0.0, 0.0, 0.0, 0.0, 0.0, 0.0, 0.0, 0.0, 0.0, 0.0, 0.0, 0.0, 0.0, 0.0, 0.0, 0.0, 0.0, 0.0, 0.0, 0.0, 0.0, 0.0, 0.0, 0.0, 0.0, 0.0, 0.0, 0.0, 0.0, 0.0, 0.0, 0.0, 0.0, 0.0, 0.0, 0.0, 0.0
1904, 0.0, 0.0, 0.0, 0.0, 0.0, 0.0, 0.0, 0.0, 0.0, 0.0, 0.0, 0.0, 0.0, 0.0, 0.0, 0.0, 0.0, 0.0, 0.0, 0.0, 0.0, 0.0, 0.0, 0.0, 0.0, 0.0, 0.0, 0.0, 0.0, 0.0, 0.0, 0.0, 0.0, 0.0, 0.0, 0.0, 0.0, 0.0, 0.0, 0.0, 0.0, 0.0, 0.0, 0.0, 0.0, 0.0, 0.0, 0.0, 0.0, 0.0, 0.0
1905, 0.0, 0.0, 0.0, 0.0, 0.0, 0.0, 0.0, 0.0, 0.0, 0.0, 0.0, 0.0, 0.0, 0.0, 0.0, 0.0, 0.0, 0.0, 0.0, 0.0, 0.0, 0.0, 0.0, 0.0, 0.0, 0.0, 0.0, 0.0, 0.0, 0.0, 0.0, 0.0, 0.0, 0.0, 0.0, 0.0, 0.0, 0.0, 0.0, 0.0, 0.0, 0.0, 0.0, 0.0, 0.0, 0.0, 0.0, 0.0, 0.0, 0.0, 0.0
1906, 0.0, 0.0, 0.0, 0.0, 0.0, 0.0, 0.0, 0.0, 0.0, 0.0, 0.0, 0.0, 0.0, 0.0, 0.0, 0.0, 0.0, 0.0, 0.0, 0.0, 0.0, 0.0, 0.0, 0.0, 0.0, 0.0, 0.0, 0.0, 0.0, 0.0, 0.0, 0.0, 0.0, 0.0, 0.0, 0.0, 0.0, 0.0, 0.0, 0.0, 0.0, 0.0, 0.0, 0.0, 0.0, 0.0, 0.0, 0.0, 0.0, 0.0, 0.0
1907, 0.0, 0.0, 0.0, 0.0, 0.0, 0.0, 0.0, 0.0, 0.0, 0.0, 0.0, 0.0, 0.0, 0.0, 0.0, 0.0, 0.0, 0.0, 0.0, 0.0, 0.0, 0.0, 0.0, 0.0, 0.0, 0.0, 0.0, 0.0, 0.0, 0.0, 0.0, 0.0, 0.0, 0.0, 0.0, 0.0, 0.0, 0.0, 0.0, 0.0, 0.0, 0.0, 0.0, 0.0, 0.0, 0.0, 0.0, 0.0, 0.0, 0.0, 0.0
1908, 0.0, 0.0, 0.0, 0.0, 0.0, 0.0, 0.0, 0.0, 0.0, 0.0, 0.0, 0.0, 0.0, 0.0, 0.0, 0.0, 0.0, 0.0, 0.0, 0.0, 0.0, 0.0, 0.0, 0.0, 0.0, 0.0, 0.0, 0.0, 0.0, 0.0, 0.0, 0.0, 0.0, 0.0, 0.0, 0.0, 0.0, 0.0, 0.0, 0.0, 0.0, 0.0, 0.0, 0.0, 0.0, 0.0, 0.0, 0.0, 0.0, 0.0, 0.0
1909, 0.0, 0.0, 0.0, 0.0, 0.0, 0.0, 0.0, 0.0, 0.0, 0.0, 0.0, 0.0, 0.0, 0.0, 0.0, 0.0, 0.0, 0.0, 0.0, 0.0, 0.0, 0.0, 0.0, 0.0, 0.0, 0.0, 0.0, 0.0, 0.0, 0.0, 0.0, 0.0, 0.0, 0.0, 0.0, 0.0, 0.0, 0.0, 0.0, 0.0, 0.0, 0.0, 0.0, 0.0, 0.0, 0.0, 0.0, 0.0, 0.0, 0.0, 0.0
1910, 0.0, 0.0, 0.0, 0.0, 0.0, 0.0, 0.0, 0.0, 0.0, 0.0, 0.0, 0.0, 0.0, 0.0, 0.0, 0.0, 0.0, 0.0, 0.0, 0.0, 0.0, 0.0, 0.0, 0.0, 0.0, 0.0, 0.0, 0.0, 0.0, 0.0, 0.0, 0.0, 0.0, 0.0, 0.0, 0.0, 0.0, 0.0, 0.0, 0.0, 0.0, 0.0, 0.0, 0.0, 0.0, 0.0, 0.0, 0.0, 0.0, 0.0, 0.0
1911, 0.0, 0.0, 0.0, 0.0, 0.0, 0.0, 0.0, 0.0, 0.0, 0.0, 0.0, 0.0, 0.0, 0.0, 0.0, 0.0, 0.0, 0.0, 0.0, 0.0, 0.0, 0.0, 0.0, 0.0, 0.0, 0.0, 0.0, 0.0, 0.0, 0.0, 0.0, 0.0, 0.0, 0.0, 0.0, 0.0, 0.0, 0.0, 0.0, 0.0, 0.0, 0.0, 0.0, 0.0, 0.0, 0.0, 0.0, 0.0, 0.0, 0.0, 0.0
1912, 0.0, 0.0, 0.0, 0.0, 0.0, 0.0, 0.0, 0.0, 0.0, 0.0, 0.0, 0.0, 0.0, 0.0, 0.0, 0.0, 0.0, 0.0, 0.0, 0.0, 0.0, 0.0, 0.0, 0.0, 0.0, 0.0, 0.0, 0.0, 0.0, 0.0, 0.0, 0.0, 0.0, 0.0, 0.0, 0.0, 0.0, 0.0, 0.0, 0.0, 0.0, 0.0, 0.0, 0.0, 0.0, 0.0, 0.0, 0.0, 0.0, 0.0, 0.0
1913, 1.0, 1.0, 1.0, 1.0, 1.0, 1.0, 1.0, 1.0, 1.0, 1.0, 1.0, 1.0, 1.0, 1.0, 1.0, 1.0, 1.0, 1.0, 1.0, 1.0, 1.0, 1.0, 1.0, 1.0, 1.0, 1.0, 1.0, 1.0, 1.0, 1.2, 1.37, 1.5, 1.6, 1.89, 2.18, 2.55, 3.06, 3.46, 3.77, 4.03, 4.44, 4.76, 5.02, 5.42, 5.75, 6.01, 6.21, 6.37, 6.5, 6.6, 6.69
1914, 1.0, 1.0, 1.0, 1.0, 1.0, 1.0, 1.0, 1.0, 1.0, 1.0, 1.0, 1.0, 1.0, 1.0, 1.0, 1.0, 1.0, 1.0, 1.0, 1.0, 1.0, 1.0, 1.0, 1.0, 1.0, 1.0, 1.0, 1.0, 1.01, 1.21, 1.38, 1.5, 1.62, 1.91, 2.2, 2.58, 3.08, 3.48, 3.79, 4.06, 4.46, 4.77, 5.04, 5.45, 5.76, 6.02, 6.22, 6.38, 6.51, 6.61, 6.69
1915, 1.0, 1.0, 1.0, 1.0, 1.0, 1.0, 1.0, 1.0, 1.0, 1.0, 1.0, 1.0, 1.0, 1.0, 1.0, 1.0, 1.0, 1.0, 1.0, 1.0, 1.0, 1.0, 1.0, 1.0, 1.0, 1.0, 1.0, 1.0, 1.02, 1.22, 1.38, 1.51, 1.64, 1.92, 2.22, 2.61, 3.1, 3.49, 3.8, 4.08, 4.47, 4.79, 5.06, 5.46, 5.78, 6.03, 6.23, 6.39, 6.51, 6.61, 6.69
1916, 2.0, 2.0, 2.0, 2.0, 2.0, 2.0, 2.0, 2.0, 2.0, 2.0, 2.0, 2.0, 2.0, 2.0, 2.0, 2.0, 2.0, 2.0, 2.0, 2.0, 2.0, 2.0, 2.0, 2.0, 2.0, 2.0, 2.0, 2.0, 2.09, 2.28, 2.43, 2.63, 2.91, 3.27, 3.71, 4.28, 4.84, 5.42, 6.04, 6.75, 7.56, 8.26, 8.92, 9.55, 10.06, 10.55, 11.05, 11.59, 12.18, 12.76, 13.22
1917, 2.0, 2.0, 2.0, 2.0, 2.0, 2.0, 2.0, 2.0, 2.0, 2.0, 2.0, 2.0, 2.0, 2.0, 2.0, 2.0, 2.0, 2.05, 2.45, 2.77, 3.02, 3.26, 3.62, 3.98, 4.43, 4.99, 5.69, 6.46, 7.6, 8.5, 9.32, 10.69, 12.17, 14.1, 16.7, 19.64, 22.3, 25.08, 28.52, 32.43, 36.05, 39.04, 42.12, 44.98, 48.04, 51.53, 54.38, 56.8, 58.9, 60.56, 61.89
1918, 6.0, 6.0, 6.0, 6.0, 6.0, 6.0, 6.0, 6.0, 6.0, 6.0, 6.0, 6.0, 6.0, 6.0, 6.0, 6.0, 6.0, 6.0, 6.0, 6.0, 7.02, 8.23, 9.41, 10.53, 11.63, 12.81, 14.11, 15.58, 17.35, 19.47, 22.06, 25.28, 29.28, 34.29, 40.25, 45.2, 49.89, 54.3, 57.98, 61.48, 64.26, 66.64, 68.57, 70.1, 71.48, 72.62, 73.52, 74.24, 74.8, 75.26, 75.61
1919, 4.0, 4.0, 4.0, 4.0, 4.0, 4.0, 4.0, 4.0, 4.0, 4.0, 4.0, 4.0, 4.0, 4.0, 4.0, 4.0, 4.0, 4.0, 4.0, 4.37, 5.22, 6.14, 7.02, 7.94, 8.91, 10.04, 11.35, 12.92, 14.84, 17.18, 20.11, 23.76, 28.33, 34.13, 39.45, 44.26, 48.7, 52.67, 56.25, 59.29, 61.8, 63.89, 65.56, 66.98, 68.22, 69.2, 69.98, 70.6, 71.1, 71.49, 71.8
1920, 4.0, 4.0, 4.0, 4.0, 4.0, 4.0, 4.0, 4.0, 4.0, 4.0, 4.0, 4.0, 4.0, 4.0, 4.0, 4.0, 4.0, 4.0, 4.05, 4.88, 5.79, 6.67, 7.57, 8.55, 9.6, 10.84, 12.3, 14.07, 16.25, 18.95, 22.3, 26.51, 31.82, 37.61, 42.49, 46.97, 51.3, 54.93, 58.24, 60.88, 63.17, 64.98, 66.44, 67.79, 68.86, 69.71, 70.39, 70.93, 71.35, 71.69, 71.96
1921, 4.0, 4.0, 4.0, 4.0, 4.0, 4.0, 4.0, 4.0, 4.0, 4.0, 4.0, 4.0, 4.0, 4.0, 4.0, 4.0, 4.0, 4.0, 4.0, 4.47, 5.32, 6.24, 7.13, 8.05, 9.05, 10.19, 11.53, 13.14, 15.09, 17.52, 20.52, 24.27, 28.97, 34.86, 40.03, 44.81, 49.24, 53.1, 56.67, 59.61, 62.08, 64.12, 65.74, 67.15, 68.35, 69.31, 70.07, 70.67, 71.15, 71.53, 71.83
1922, 4.0, 4.0, 4.0, 4.0, 4.0, 4.0, 4.0, 4.0, 4.0, 4.0, 4.0, 4.0, 4.0, 4.0, 4.0, 4.0, 4.0, 4.0, 4.0, 4.24, 5.01, 5.74, 6.41, 7.01, 7.73, 8.63, 9.81, 11.41, 13.36, 15.68, 18.53, 22.07, 26.5, 31.97, 36.91, 40.95, 44.31, 47.13, 49.37, 51.14, 52.55, 53.67, 54.56, 55.27, 55.83, 56.28, 56.63, 56.91, 57.14, 57.31, 57.46
1923, 4.0, 4.0, 4.0, 4.0, 4.0, 4.0, 4.0, 4.0, 4.0, 4.0, 4.0, 4.0, 4.0, 4.0, 4.0, 4.0, 4.0, 4.0, 4.0, 4.31, 5.07, 5.8, 6.46, 7.06, 7.79, 8.71, 9.92, 11.54, 13.53, 15.88, 18.78, 22.38, 26.89, 32.39, 37.25, 41.23, 44.56, 47.32, 49.52, 51.26, 52.65, 53.75, 54.62, 55.32, 55.87, 56.31, 56.66, 56.93, 57.15, 57.33, 57.46
1924, 2.0, 2.0, 2.0, 2.0, 2.0, 2.0, 2.0, 2.0, 2.0, 2.0, 2.0, 2.0, 2.0, 2.0, 2.0, 2.0, 2.0, 2.0, 2.0, 2.16, 2.54, 2.84, 3.24, 3.89, 4.53, 5.31, 6.33, 7.67, 9.32, 11.24, 13.67, 16.58, 20.19, 24.53, 28.33, 31.35, 33.83, 35.92, 37.72, 39.21, 40.49, 41.63, 42.53, 43.24, 43.81, 44.26, 44.62, 44.9, 45.13, 45.31, 45.45
1925, 1.5, 1.5, 1.5, 1.5, 1.5, 1.5, 1.5, 1.5, 1.5, 1.5, 1.5, 1.5, 1.5, 1.5, 1.5, 1.5, 1.5, 1.5, 1.5, 1.65, 1.93, 2.15, 2.53, 3.14, 3.74, 4.51, 5.54, 6.82, 8.19, 9.69, 11.42, 13.44, 15.51, 17.36, 18.93, 20.18, 21.17, 21.96, 22.58, 23.08, 23.48, 23.79, 24.04, 24.24, 24.39, 24.52, 24.62, 24.7, 24.76, 24.81, 24.85
1926, 1.5, 1.5, 1.5, 1.5, 1.5, 1.5, 1.5, 1.5, 1.5, 1.5, 1.5, 1.5, 1.5, 1.5, 1.5, 1.5, 1.5, 1.5, 1.5, 1.67, 1.94, 2.16, 2.55, 3.17, 3.77, 4.54, 5.59, 6.88, 8.24, 9.76, 11.5, 13.53, 15.59, 17.43, 18.99, 20.22, 21.21, 21.99, 22.61, 23.1, 23.49, 23.8, 24.05, 24.24, 24.4, 24.52, 24.62, 24.7, 24.76, 24.81, 24.85
1927, 1.5, 1.5, 1.5, 1.5, 1.5, 1.5, 1.5, 1.5, 1.5, 1.5, 1.5, 1.5, 1.5, 1.5, 1.5, 1.5, 1.5, 1.5, 1.5, 1.64, 1.92, 2.14, 2.5, 3.12, 3.71, 4.48, 5.49, 6.76, 8.13, 9.62, 11.34, 13.35, 15.42, 17.29, 18.87, 20.13, 21.13, 21.93, 22.56, 23.06, 23.46, 23.78, 24.03, 24.23, 24.39, 24.51, 24.61, 24.69, 24.76, 24.81, 24.85
1928, 1.5, 1.5, 1.5, 1.5, 1.5, 1.5, 1.5, 1.5, 1.5, 1.5, 1.5, 1.5, 1.5, 1.5, 1.5, 1.5, 1.5, 1.5, 1.5, 1.63, 1.91, 2.13, 2.48, 3.08, 3.68, 4.43, 5.43, 6.7, 8.06, 9.54, 11.25, 13.24, 15.32, 17.2, 18.8, 20.08, 21.09, 21.89, 22.53, 23.04, 23.44, 23.76, 24.02, 24.22, 24.38, 24.51, 24.61, 24.69, 24.75, 24.8, 24.84
1929, 1.5, 1.5, 1.5, 1.5, 1.5, 1.5, 1.5, 1.5, 1.5, 1.5, 1.5, 1.5, 1.5, 1.5, 1.5, 1.5, 1.5, 1.5, 1.5, 1.63, 1.91, 2.13, 2.48, 3.08, 3.68, 4.43, 5.43, 6.7, 8.06, 9.54, 11.25, 13.24, 15.32, 17.2, 18.8, 20.08, 21.09, 21.89, 22.53, 23.04, 23.44, 23.76, 24.02, 24.22, 24.38, 24.51, 24.61, 24.69, 24.75, 24.8, 24.84
1930, 1.5, 1.5, 1.5, 1.5, 1.5, 1.5, 1.5, 1.5, 1.5, 1.5, 1.5, 1.5, 1.5, 1.5, 1.5, 1.5, 1.5, 1.5, 1.5, 1.59, 1.88, 2.11, 2.4, 3.0, 3.62, 4.33, 5.3, 6.55, 7.9, 9.36, 11.04, 13.0, 15.08, 16.98, 18.63, 19.94, 20.98, 21.81, 22.46, 22.99, 23.4, 23.73, 23.99, 24.2, 24.36, 24.49, 24.6, 24.68, 24.75, 24.8, 24.84
1931, 1.5, 1.5, 1.5, 1.5, 1.5, 1.5, 1.5, 1.5, 1.5, 1.5, 1.5, 1.5, 1.5, 1.5, 1.5, 1.5, 1.5, 1.5, 1.5, 1.5, 1.77, 2.02, 2.22, 2.74, 3.38, 4.01, 4.87, 6.02, 7.34, 8.74, 10.32, 12.16, 14.24, 16.22, 18.0, 19.44, 20.58, 21.49, 22.21, 22.79, 23.24, 23.6, 23.89, 24.12, 24.3, 24.44, 24.56, 24.65, 24.72, 24.78, 24.82
1932, 4.0, 4.0, 4.0, 4.0, 4.0, 4.0, 4.0, 4.0, 4.0, 4.0, 4.0, 4.0, 4.0, 4.0, 4.0, 4.0, 4.0, 4.0, 4.0, 4.0, 4.34, 5.09, 5.82, 6.48, 7.08, 7.82, 8.75, 9.97, 11.6, 13.61, 15.97, 18.89, 22.52, 27.06, 32.58, 37.4, 41.36, 44.66, 47.41, 49.72, 51.71, 53.51, 55.05, 56.41, 57.65, 58.75, 59.62, 60.32, 60.87, 61.31, 61.66
1933, 4.0, 4.0, 4.0, 4.0, 4.0, 4.0, 4.0, 4.0, 4.0, 4.0, 4.0, 4.0, 4.0, 4.0, 4.0, 4.0, 4.0, 4.0, 4.0, 4.0, 4.14, 4.93, 5.65, 6.34, 6.93, 7.64, 8.52, 9.65, 11.2, 13.1, 15.38, 18.16, 21.62, 25.94, 31.32, 36.39, 40.52, 43.94, 46.83, 49.22, 51.27, 53.1, 54.73, 56.11, 57.36, 58.52, 59.44, 60.17, 60.76, 61.22, 61.58
1934, 4.0, 4.0, 4.0, 4.0, 4.0, 4.0, 4.0, 4.0, 4.0, 4.0, 4.0, 4.0, 4.0, 4.0, 4.0, 4.0, 4.0, 4.0, 4.0, 4.0, 4.26, 5.03, 5.76, 6.49, 7.28, 8.16, 9.25, 10.89, 13.01, 15.18, 17.54, 20.46, 24.03, 28.52, 33.69, 38.28, 42.05, 45.19, 47.82, 50.04, 51.95, 53.68, 55.18, 56.5, 57.7, 58.79, 59.66, 60.34, 60.89, 61.32, 61.67
1935, 4.0, 4.0, 4.0, 4.0, 4.0, 4.0, 4.0, 4.0, 4.0, 4.0, 4.0, 4.0, 4.0, 4.0, 4.0, 4.0, 4.0, 4.0, 4.0, 4.0, 4.36, 5.1, 5.84, 6.58, 7.37, 8.25, 9.39, 11.09, 13.25, 15.42, 17.79, 20.79, 24.49, 29.02, 34.24, 38.71, 42.41, 45.5, 48.07, 50.25, 52.14, 53.85, 55.32, 56.63, 57.83, 58.89, 59.74, 60.41, 60.94, 61.37, 61.7
1936, 4.0, 4.0, 4.0, 4.0, 4.0, 4.0, 4.0, 4.0, 4.0, 4.0, 4.0, 4.0, 4.0, 4.0, 4.0, 4.0, 4.0, 4.0, 4.0, 4.0, 4.4, 5.14, 5.88, 6.62, 7.42, 8.3, 9.46, 11.21, 13.37, 15.54, 17.95, 21.06, 25.36, 30.86, 36.91, 42.07, 46.47, 50.28, 53.73, 56.97, 59.85, 62.56, 64.91, 67.09, 69.03, 70.67, 71.97, 73.11, 74.11, 74.91, 75.55
1937, 4.0, 4.0, 4.0, 4.0, 4.0, 4.0, 4.0, 4.0, 4.0, 4.0, 4.0, 4.0, 4.0, 4.0, 4.0, 4.0, 4.0, 4.0, 4.0, 4.0, 4.52, 5.24, 5.98, 6.73, 7.54, 8.47, 9.69, 11.55, 13.7, 15.87, 18.4, 21.67, 26.11, 31.78, 37.78, 42.76, 47.08, 50.83, 54.23, 57.42, 60.27, 62.96, 65.23, 67.4, 69.3, 70.89, 72.14, 73.28, 74.25, 75.02, 75.63
1938, 4.0, 4.0, 4.0, 4.0, 4.0, 4.0, 4.0, 4.0, 4.0, 4.0, 4.0, 4.0, 4.0, 4.0, 4.0, 4.0, 4.0, 4.0, 4.0, 4.0, 4.45, 5.18, 5.92, 6.66, 7.47, 8.37, 9.54, 11.35, 13.51, 15.67, 18.13, 21.31, 25.67, 31.2, 37.27, 42.36, 46.72, 50.51, 53.93, 57.15, 60.02, 62.72, 65.04, 67.22, 69.14, 70.76, 72.04, 73.17, 74.17, 74.96, 75.58
1939, 4.0, 4.0, 4.0, 4.0, 4.0, 4.0, 4.0, 4.0, 4.0, 4.0, 4.0, 4.0, 4.0, 4.0, 4.0, 4.0, 4.0, 4.0, 4.0, 4.0, 4.41, 5.15, 5.88, 6.62, 7.42, 8.31, 9.47, 11.23, 13.39, 15.56, 17.98, 21.09, 25.41, 30.92, 36.97, 42.12, 46.52, 50.32, 53.77, 57.0, 59.88, 62.59, 64.93, 67.11, 69.04, 70.68, 71.98, 73.12, 74.12, 74.92, 75.55
1940, 4.0, 4.0, 4.0, 4.0, 4.0, 4.0, 4.0, 4.0, 4.0, 4.0, 4.0, 4.0, 4.0, 4.0, 4.0, 4.0, 4.0, 4.0, 4.0, 4.0, 4.43, 5.17, 6.06, 7.08, 8.32, 9.84, 12.03, 15.08, 18.6, 22.07, 25.68, 29.9, 34.14, 38.54, 43.17, 47.04, 50.44, 53.45, 56.26, 58.99, 61.47, 63.87, 65.95, 67.93, 69.7, 71.2, 72.4, 73.45, 74.39, 75.13, 75.72
1941, 10.0, 10.0, 10.0, 10.0, 10.0, 10.0, 10.0, 10.0, 10.0, 10.0, 10.0, 10.0, 10.0, 10.0, 10.0, 10.0, 10.0, 10.46, 10.98, 11.4, 12.33, 13.29, 14.84, 16.7, 19.03, 22.03, 25.47, 29.53, 33.7, 37.69, 41.76, 45.62, 49.3, 52.87, 56.13, 58.78, 61.08, 63.07, 65.02, 67.06, 68.84, 70.47, 71.81, 73.08, 74.25, 75.23, 76.0, 76.77, 77.44, 77.96, 78.38
1942, 19.0, 19.0, 19.0, 19.0, 19.0, 19.0, 19.0, 19.0, 19.0, 19.0, 19.0, 19.0, 19.0, 19.0, 19.0, 19.0, 19.12, 19.71, 20.18, 20.71, 21.79, 23.02, 24.59, 26.7, 29.37, 32.68, 36.56, 40.86, 45.1, 49.24, 53.34, 57.45, 61.63, 65.97, 69.89, 73.18, 76.06, 78.52, 80.47, 82.02, 83.25, 84.23, 85.0, 85.62, 86.11, 86.5, 86.81, 87.05, 87.25, 87.4, 87.52
1943, 19.0, 19.0, 19.0, 19.0, 19.0, 19.0, 19.0, 19.0, 19.0, 19.0, 19.0, 19.0, 19.0, 19.0, 19.0, 19.0, 19.28, 19.84, 20.28, 21.0, 22.03, 23.41, 25.12, 27.33, 30.07, 33.59, 37.6, 41.99, 46.15, 50.23, 54.39, 58.43, 62.71, 67.04, 70.73, 73.95, 76.73, 79.05, 80.89, 82.35, 83.51, 84.44, 85.17, 85.75, 86.21, 86.58, 86.87, 87.1, 87.29, 87.44, 87.55
1944, 20.7, 20.7, 20.7, 20.7, 20.7, 20.7, 20.7, 20.7, 20.7, 20.7, 20.7, 21.17, 21.55, 21.85, 22.08, 22.27, 22.59, 23.09, 23.48, 24.17, 25.16, 26.54, 28.26, 30.48, 33.42, 37.12, 41.35, 45.83, 50.07, 54.4, 58.97, 63.39, 67.94, 72.68, 76.65, 79.97, 82.76, 85.07, 86.91, 88.36, 89.52, 90.44, 91.18, 91.76, 92.22, 92.58, 92.88, 93.11, 93.29, 93.44, 93.55
1945, 20.7, 20.7, 20.7, 20.7, 20.7, 20.7, 20.7, 20.7, 20.7, 20.7, 20.7, 21.17, 21.55, 21.85, 22.08, 22.27, 22.63, 23.12, 23.5, 24.27, 25.24, 26.67, 28.45, 30.71, 33.78, 37.5, 41.8, 46.25, 50.46, 54.86, 59.39, 63.84, 68.4, 73.1, 76.99, 80.25, 83.0, 85.27, 87.06, 88.49, 89.62, 90.52, 91.24, 91.81, 92.26, 92.62, 92.9, 93.13, 93.31, 93.45, 93.56
1946, 18.0, 18.0, 18.0, 18.0, 18.0, 18.0, 18.0, 18.0, 18.0, 18.0, 18.0, 18.41, 18.74, 19.0, 19.2, 19.37, 19.84, 20.28, 20.64, 21.64, 22.65, 24.16, 26.11, 28.66, 32.02, 35.92, 40.35, 44.68, 48.94, 53.4, 57.93, 62.39, 67.06, 71.55, 75.18, 78.23, 80.85, 82.94, 84.59, 85.91, 86.96, 87.79, 88.45, 88.97, 89.39, 89.72, 89.98, 90.19, 90.36, 90.49, 90.6
1947, 18.0, 18.0, 18.0, 18.0, 18.0, 18.0, 18.0, 18.0, 18.0, 18.0, 18.0, 18.41, 18.74, 19.0, 19.2, 19.54, 20.04, 20.44, 21.15, 22.15, 23.55, 25.29, 27.52, 30.5, 34.21, 38.47, 42.94, 47.18, 51.54, 56.1, 60.53, 65.07, 69.81, 73.76, 77.06, 79.83, 82.13, 83.95, 85.4, 86.55, 87.47, 88.2, 88.77, 89.23, 89.59, 89.88, 90.11, 90.3, 90.44, 90.56, 90.65
1948, 18.0, 18.0, 18.0, 18.0, 18.0, 18.0, 18.0, 18.0, 18.0, 18.0, 18.0, 18.41, 18.74, 19.0, 19.2, 19.66, 20.14, 20.52, 21.47, 22.42, 23.98, 25.88, 28.29, 31.65, 35.51, 39.91, 44.28, 48.48, 52.97, 57.48, 61.97, 66.61, 71.16, 74.85, 77.97, 80.62, 82.76, 84.45, 85.8, 86.87, 87.72, 88.39, 88.93, 89.36, 89.69, 89.96, 90.18, 90.35, 90.48, 90.59, 90.67
1949, 18.0, 18.0, 18.0, 18.0, 18.0, 18.0, 18.0, 18.0, 18.0, 18.0, 18.0, 18.41, 18.74, 19.0, 19.2, 19.64, 20.13, 20.51, 21.43, 22.37, 23.92, 25.81, 28.15, 31.5, 35.34, 39.72, 44.11, 48.28, 52.79, 57.28, 61.78, 66.41, 70.99, 74.71, 77.85, 80.52, 82.68, 84.39, 85.75, 86.83, 87.69, 88.37, 88.91, 89.34, 89.68, 89.95, 90.17, 90.34, 90.47, 90.58, 90.67
1950, 18.0, 18.0, 18.0, 18.0, 18.0, 18.0, 18.0, 18.0, 18.0, 18.0, 18.0, 18.41, 18.74, 19.0, 19.2, 19.66, 20.14, 20.53, 21.47, 22.43, 23.99, 25.89, 28.31, 31.67, 35.53, 39.93, 44.3, 48.51, 53.0, 57.51, 61.99, 66.64, 71.19, 74.87, 77.99, 80.64, 82.77, 84.46, 85.81, 86.87, 87.72, 88.4, 88.93, 89.36, 89.7, 89.96, 90.18, 90.35, 90.48, 90.59, 90.67
1951, 18.36, 18.36, 18.36, 18.36, 18.36, 18.36, 18.36, 18.36, 18.36, 18.36, 18.36, 18.78, 19.11, 19.38, 19.59, 20.17, 20.63, 21.08, 22.3, 23.5, 24.98, 27.18, 29.94, 33.47, 37.59, 42.09, 46.48, 50.75, 55.23, 59.57, 64.06, 68.66, 72.85, 76.26, 79.13, 81.57, 83.51, 85.05, 86.27, 87.25, 88.02, 88.63, 89.12, 89.51, 89.81, 90.06, 90.25, 90.41, 90.53, 90.62, 90.7
1952, 19.98, 19.98, 19.98, 19.98, 19.98, 19.98, 19.98, 19.98, 19.98, 19.98, 19.98, 20.44, 20.8, 21.09, 21.37, 22.04, 22.56, 23.17, 24.37, 25.81, 27.69, 30.05, 33.12, 37.19, 41.7, 46.62, 50.86, 54.81, 59.01, 63.04, 67.18, 71.45, 75.26, 78.41, 81.06, 83.31, 85.1, 86.52, 87.65, 88.54, 89.25, 89.82, 90.27, 90.62, 90.91, 91.13, 91.31, 91.45, 91.56, 91.65, 91.73
1953, 19.98, 19.98, 19.98, 19.98, 19.98, 19.98, 19.98, 19.98, 19.98, 19.98, 19.98, 20.44, 20.8, 21.09, 21.39, 22.05, 22.57, 23.2, 24.4, 25.87, 27.77, 30.13, 33.23, 37.33, 41.85, 46.77, 50.99, 54.94, 59.15, 63.17, 67.31, 71.58, 75.37, 78.5, 81.14, 83.38, 85.15, 86.56, 87.68, 88.57, 89.27, 89.83, 90.28, 90.63, 90.91, 91.14, 91.31, 91.46, 91.57, 91.66, 91.73
1954, 18.0, 18.0, 18.0, 18.0, 18.0, 18.0, 18.0, 18.0, 18.0, 18.0, 18.0, 18.41, 18.74, 19.0, 19.27, 19.83, 20.28, 20.84, 21.9, 23.18, 24.82, 26.98, 29.81, 33.43, 37.54, 42.02, 46.32, 50.62, 55.2, 59.63, 64.17, 68.9, 73.04, 76.44, 79.31, 81.71, 83.62, 85.14, 86.34, 87.3, 88.06, 88.67, 89.15, 89.53, 89.83, 90.07, 90.26, 90.41, 90.53, 90.63, 90.71
1955, 18.0, 18.0, 18.0, 18.0, 18.0, 18.0, 18.0, 18.0, 18.0, 18.0, 18.0, 18.41, 18.74, 19.0, 19.27, 19.83, 20.28, 20.83, 21.89, 23.16, 24.8, 26.96, 29.78, 33.39, 37.49, 41.97, 46.27, 50.58, 55.15, 59.58, 64.12, 68.85, 73.0, 76.41, 79.28, 81.69, 83.6, 85.12, 86.33, 87.29, 88.06, 88.66, 89.14, 89.52, 89.83, 90.07, 90.26, 90.41, 90.53, 90.63, 90.71
1956, 18.0, 18.0, 18.0, 18.0, 18.0, 18.0, 18.0, 18.0, 18.0, 18.0, 18.0, 18.41, 18.74, 19.0, 19.29, 19.85, 20.29, 20.9, 21.95, 23.26, 24.93, 27.11, 29.97, 33.63, 37.76, 42.26, 46.54, 50.85, 55.44, 59.85, 64.41, 69.15, 73.23, 76.61, 79.45, 81.82, 83.71, 85.21, 86.4, 87.35, 88.1, 88.7, 89.17, 89.55, 89.84, 90.08, 90.27, 90.42, 90.54, 90.63, 90.71
1957, 18.0, 18.0, 18.0, 18.0, 18.0, 18.0, 18.0, 18.0, 18.0, 18.0, 18.0, 18.41, 18.74, 19.0, 19.35, 19.9, 20.33, 21.04, 22.06, 23.46, 25.21, 27.45, 30.43, 34.14, 38.4, 42.89, 47.13, 51.49, 56.06, 60.49, 65.03, 69.78, 73.73, 77.04, 79.82, 82.12, 83.94, 85.4, 86.55, 87.46, 88.19, 88.77, 89.23, 89.59, 89.88, 90.11, 90.29, 90.44, 90.55, 90.65, 90.72
1958, 18.0, 18.0, 18.0, 18.0, 18.0, 18.0, 18.0, 18.0, 18.0, 18.0, 18.0, 18.41, 18.74, 19.0, 19.4, 19.94, 20.36, 21.16, 22.16, 23.63, 25.43, 27.72, 30.86, 34.61, 38.94, 43.39, 47.6, 52.03, 56.56, 61.03, 65.61, 70.29, 74.14, 77.38, 80.11, 82.35, 84.13, 85.54, 86.67, 87.56, 88.27, 88.83, 89.27, 89.63, 89.91, 90.14, 90.31, 90.45, 90.57, 90.66, 90.73
1959, 18.0, 18.0, 18.0, 18.0, 18.0, 18.0, 18.0, 18.0, 18.0, 18.0, 18.0, 18.41, 18.74, 19.0, 19.42, 19.95, 20.37, 21.21, 22.19, 23.69, 25.52, 27.83, 31.02, 34.8, 39.15, 43.58, 47.78, 52.23, 56.75, 61.23, 65.83, 70.48, 74.29, 77.51, 80.22, 82.44, 84.2, 85.6, 86.71, 87.59, 88.29, 88.85, 89.29, 89.64, 89.92, 90.14, 90.32, 90.46, 90.57, 90.66, 90.73
1960, 18.0, 18.0, 18.0, 18.0, 18.0, 18.0, 18.0, 18.0, 18.0, 18.0, 18.0, 18.41, 18.74, 19.0, 19.44, 19.97, 20.39, 21.27, 22.24, 23.77, 25.64, 27.97, 31.25, 35.06, 39.43, 43.84, 48.02, 52.52, 57.01, 61.52, 66.14, 70.75, 74.5, 77.69, 80.38, 82.57, 84.3, 85.68, 86.77, 87.64, 88.33, 88.88, 89.32, 89.66, 89.94, 90.16, 90.33, 90.47, 90.58, 90.66, 90.73
1961, 18.0, 18.0, 18.0, 18.0, 18.0, 18.0, 18.0, 18.0, 18.0, 18.0, 18.0, 18.41, 18.74, 19.0, 19.46, 19.98, 20.4, 21.31, 22.28, 23.83, 25.72, 28.07, 31.41, 35.24, 39.63, 44.02, 48.19, 52.71, 57.2, 61.72, 66.35, 70.93, 74.66, 77.81, 80.49, 82.65, 84.37, 85.73, 86.81, 87.68, 88.36, 88.9, 89.33, 89.68, 89.95, 90.16, 90.34, 90.47, 90.58, 90.67, 90.74
1962, 18.0, 18.0, 18.0, 18.0, 18.0, 18.0, 18.0, 18.0, 18.0, 18.0, 18.0, 18.41, 18.74, 19.0, 19.48, 20.0, 20.41, 21.36, 22.32, 23.9, 25.81, 28.22, 31.59, 35.45, 39.86, 44.24, 48.44, 52.95, 57.45, 61.95, 66.59, 71.15, 74.84, 77.96, 80.61, 82.75, 84.45, 85.79, 86.87, 87.72, 88.39, 88.93, 89.35, 89.69, 89.96, 90.18, 90.34, 90.48, 90.59, 90.67, 90.74
1963, 18.0, 18.0, 18.0, 18.0, 18.0, 18.0, 18.0, 18.0, 18.0, 18.0, 18.0, 18.41, 18.74, 19.0, 19.5, 20.01, 20.42, 21.41, 22.41, 23.97, 25.91, 28.4, 31.77, 35.66, 40.08, 44.45, 48.69, 53.17, 57.7, 62.17, 66.84, 71.36, 75.02, 78.1, 80.74, 82.85, 84.53, 85.86, 86.91, 87.75, 88.42, 88.95, 89.37, 89.71, 89.97, 90.18, 90.35, 90.49, 90.59, 90.68, 90.74
1964, 14.4, 14.4, 14.4, 14.4, 14.4, 14.4, 14.4, 14.4, 14.45, 14.53, 14.6, 15.11, 15.6, 16.09, 16.8, 17.46, 17.98, 19.01, 20.03, 21.46, 23.25, 25.52, 28.35, 31.87, 36.01, 40.03, 43.87, 47.68, 51.54, 55.31, 59.16, 62.71, 65.55, 67.8, 69.69, 71.19, 72.39, 73.34, 74.09, 74.69, 75.16, 75.54, 75.84, 76.08, 76.27, 76.42, 76.54, 76.63, 76.71, 76.77, 76.82
1965, 12.6, 12.6, 12.6, 12.6, 12.6, 12.6, 12.6, 12.6, 12.71, 12.88, 13.0, 13.55, 14.05, 14.66, 15.48, 16.21, 16.78, 17.8, 18.79, 20.07, 21.67, 23.98, 26.81, 30.23, 34.14, 37.95, 41.6, 45.25, 48.8, 52.18, 55.55, 58.52, 60.88, 62.76, 64.25, 65.43, 66.37, 67.12, 67.71, 68.18, 68.56, 68.85, 69.09, 69.28, 69.42, 69.54, 69.64, 69.71, 69.77, 69.82, 69.86
1966, 12.6, 12.6, 12.6, 12.6, 12.6, 12.6, 12.6, 12.6, 12.74, 12.89, 13.02, 13.58, 14.11, 14.7, 15.56, 16.27, 16.85, 17.91, 18.96, 20.26, 21.96, 24.32, 27.22, 30.73, 34.59, 38.42, 42.07, 45.72, 49.24, 52.63, 55.96, 58.85, 61.14, 62.96, 64.41, 65.56, 66.47, 67.2, 67.78, 68.23, 68.6, 68.89, 69.11, 69.3, 69.44, 69.56, 69.65, 69.72, 69.78, 69.82, 69.86
1967, 12.6, 12.6, 12.6, 12.6, 12.6, 12.6, 12.6, 12.6, 12.76, 12.91, 13.03, 13.61, 14.15, 14.76, 15.63, 16.33, 16.98, 18.01, 19.11, 20.45, 22.22, 24.63, 27.61, 31.19, 35.08, 38.86, 42.49, 46.16, 49.63, 53.05, 56.34, 59.15, 61.38, 63.15, 64.56, 65.68, 66.57, 67.27, 67.83, 68.28, 68.63, 68.91, 69.14, 69.32, 69.46, 69.57, 69.66, 69.73, 69.78, 69.83, 69.86
1968, 12.6, 12.6, 12.6, 12.6, 12.6, 12.6, 12.6, 12.6, 12.79, 12.93, 13.05, 13.66, 14.23, 14.9, 15.74, 16.41, 17.16, 18.16, 19.34, 20.75, 22.61, 25.08, 28.19, 31.88, 35.81, 39.52, 43.13, 46.81, 50.22, 53.66, 56.9, 59.59, 61.73, 63.43, 64.78, 65.86, 66.71, 67.39, 67.92, 68.35, 68.69, 68.96, 69.17, 69.34, 69.48, 69.59, 69.67, 69.74, 69.79, 69.84, 69.87
1969, 12.6, 12.6, 12.6, 12.6, 12.6, 12.6, 12.6, 12.65, 12.83, 12.96, 13.12, 13.71, 14.32, 15.06, 15.87, 16.51, 17.38, 18.33, 19.61, 21.11, 23.08, 25.77, 28.97, 32.8, 36.68, 40.31, 44.0, 47.59, 51.03, 54.43, 57.57, 60.13, 62.16, 63.77, 65.05, 66.07, 66.88, 67.52, 68.03, 68.44, 68.76, 69.01, 69.22, 69.38, 69.51, 69.61, 69.69, 69.75, 69.8, 69.84, 69.88
1970, 0.0, 0.0, 0.0, 0.0, 0.0, 0.0, 0.0, 0.0, 0.0, 0.0, 1.62, 4.16, 6.37, 8.3, 10.07, 11.9, 13.36, 15.07, 16.78, 18.71, 21.05, 24.06, 27.62, 31.78, 35.93, 39.77, 43.7, 47.45, 51.04, 54.55, 57.71, 60.24, 62.25, 63.84, 65.11, 66.11, 66.91, 67.55, 68.05, 68.45, 68.77, 69.02, 69.22, 69.38, 69.51, 69.61, 69.69, 69.75, 69.81, 69.85, 69.88
1971, 0.0, 0.0, 0.0, 0.0, 0.0, 0.0, 0.0, 0.0, 0.0, 0.0, 2.66, 5.05, 7.1, 8.94, 10.73, 12.43, 13.85, 15.52, 17.27, 19.22, 21.62, 24.79, 28.44, 32.63, 36.71, 40.59, 44.45, 48.18, 51.72, 55.2, 58.24, 60.66, 62.58, 64.11, 65.32, 66.28, 67.05, 67.65, 68.14, 68.52, 68.82, 69.07, 69.26, 69.41, 69.53, 69.63, 69.7, 69.77, 69.81, 69.85, 69.88
1972, 0.0, 0.0, 0.0, 0.0, 0.0, 0.0, 0.0, 0.0, 0.0, 0.0, 0.41, 3.21, 5.58, 7.66, 9.58, 11.52, 13.07, 14.91, 16.78, 18.85, 21.38, 24.67, 28.44, 32.71, 36.85, 40.8, 44.72, 48.44, 52.03, 55.51, 58.49, 60.86, 62.74, 64.23, 65.42, 66.36, 67.11, 67.7, 68.18, 68.55, 68.85, 69.09, 69.27, 69.42, 69.54, 69.64, 69.71, 69.77, 69.82, 69.86, 69.88
1973, 0.0, 0.0, 0.0, 0.0, 0.0, 0.0, 0.0, 0.0, 0.0, 0.0, 1.2, 3.83, 6.12, 8.15, 10.12, 11.95, 13.59, 15.32, 17.25, 19.37, 22.23, 25.59, 29.56, 33.82, 37.9, 41.8, 45.71, 49.34, 52.95, 56.34, 59.15, 61.38, 63.16, 64.56, 65.68, 66.57, 67.28, 67.84, 68.28, 68.63, 68.92, 69.14, 69.32, 69.46, 69.57, 69.66, 69.73, 69.78, 69.83, 69.86, 69.89
1974, 0.0, 0.0, 0.0, 0.0, 0.0, 0.0, 0.0, 0.0, 0.0, 0.0, 2.47, 4.94, 7.09, 9.03, 11.01, 12.65, 14.43, 16.22, 18.22, 20.63, 23.69, 27.32, 31.54, 35.74, 39.64, 43.6, 47.39, 51.0, 54.54, 57.71, 60.24, 62.24, 63.84, 65.11, 66.11, 66.91, 67.55, 68.05, 68.45, 68.77, 69.02, 69.22, 69.38, 69.51, 69.61, 69.69, 69.75, 69.81, 69.85, 69.88, 69.9
1975, 0.0, 0.0, 0.0, 0.0, 0.0, 0.0, 0.0, 0.0, 0.0, 0.0, 0.0, 1.74, 4.38, 6.73, 9.04, 11.09, 13.14, 15.21, 17.5, 20.18, 23.61, 27.55, 31.98, 36.28, 40.37, 44.4, 48.22, 51.9, 55.43, 58.43, 60.81, 62.7, 64.2, 65.39, 66.34, 67.09, 67.69, 68.17, 68.54, 68.84, 69.08, 69.27, 69.42, 69.54, 69.63, 69.71, 69.77, 69.82, 69.85, 69.88, 69.91
1976, 0.0, 0.0, 0.0, 0.0, 0.0, 0.0, 0.0, 0.0, 0.0, 0.0, 0.0, 1.18, 3.92, 6.36, 8.75, 10.86, 13.01, 15.2, 17.58, 20.48, 24.04, 28.22, 32.7, 37.0, 41.07, 45.14, 48.91, 52.63, 56.1, 58.96, 61.23, 63.03, 64.47, 65.6, 66.51, 67.23, 67.8, 68.25, 68.61, 68.9, 69.12, 69.3, 69.45, 69.56, 69.65, 69.72, 69.78, 69.83, 69.86, 69.89, 69.91
1977, 0.0, 0.0, 0.0, 0.0, 0.0, 0.0, 0.0, 0.0, 0.0, 0.0, 0.0, 0.0, 0.0, 0.0, 0.21, 3.24, 6.29, 9.19, 12.18, 15.5, 19.52, 24.18, 29.32, 34.29, 38.91, 43.46, 47.66, 51.71, 55.41, 58.41, 60.8, 62.69, 64.19, 65.39, 66.34, 67.09, 67.69, 68.16, 68.54, 68.84, 69.08, 69.27, 69.42, 69.54, 69.63, 69.71, 69.77, 69.82, 69.85, 69.88, 69.91
1978, 0.0, 0.0, 0.0, 0.0, 0.0, 0.0, 0.0, 0.0, 0.0, 0.0, 0.0, 0.0, 0.0, 0.0, 1.19, 4.19, 7.19, 10.1, 13.19, 16.67, 20.92, 25.82, 31.0, 35.76, 40.41, 44.82, 48.96, 52.94, 56.45, 59.24, 61.45, 63.21, 64.6, 65.71, 66.6, 67.3, 67.85, 68.29, 68.64, 68.92, 69.14, 69.32, 69.46, 69.57, 69.66, 69.73, 69.79, 69.83, 69.86, 69.89, 69.91
1979, 0.0, 0.0, 0.0, 0.0, 0.0, 0.0, 0.0, 0.0, 0.0, 0.0, 0.0, 0.0, 0.0, 0.0, 1.77, 4.65, 7.4, 10.23, 13.38, 17.02, 21.7, 26.69, 31.74, 36.34, 41.02, 45.75, 49.85, 53.67, 57.03, 59.7, 61.82, 63.5, 64.84, 65.9, 66.74, 67.41, 67.94, 68.37, 68.7, 68.97, 69.18, 69.35, 69.48, 69.59, 69.67, 69.74, 69.79, 69.84, 69.87, 69.9, 69.92
1980, 0.0, 0.0, 0.0, 0.0, 0.0, 0.0, 0.0, 0.0, 0.0, 0.0, 0.0, 0.0, 0.0, 0.44, 3.37, 6.24, 8.99, 11.87, 15.35, 19.4, 24.26, 29.35, 34.4, 39.04, 43.76, 47.92, 52.01, 55.62, 58.58, 60.92, 62.79, 64.27, 65.45, 66.39, 67.13, 67.72, 68.19, 68.56, 68.86, 69.09, 69.28, 69.43, 69.55, 69.64, 69.71, 69.77, 69.82, 69.86, 69.89, 69.91, 69.93
1981, 0.0, 0.0, 0.0, 0.0, 0.0, 0.0, 0.0, 0.0, 0.0, 0.0, 0.0, 0.0, 0.0, 1.71, 4.58, 7.34, 10.16, 13.31, 16.92, 21.6, 26.58, 31.63, 36.23, 40.91, 45.66, 49.75, 53.59, 56.96, 59.65, 61.78, 63.47, 64.81, 65.88, 66.73, 67.4, 67.93, 68.36, 68.7, 68.96, 69.18, 69.35, 69.48, 69.59, 69.67, 69.74, 69.79, 69.84, 69.87, 69.9, 69.92, 69.93
1982, 0.0, 0.0, 0.0, 0.0, 0.0, 0.0, 0.0, 0.0, 0.0, 0.0, 0.0, 0.0, 0.0, 2.08, 4.68, 7.13, 9.79, 12.69, 16.24, 20.55, 25.09, 29.69, 33.71, 37.06, 39.72, 41.84, 43.52, 44.85, 45.91, 46.75, 47.42, 47.95, 48.37, 48.71, 48.97, 49.18, 49.35, 49.49, 49.59, 49.68, 49.74, 49.79, 49.84, 49.87, 49.9, 49.92, 49.94, 49.95, 49.96, 49.97, 49.97
1983, 0.0, 0.0, 0.0, 0.0, 0.0, 0.0, 0.0, 0.0, 0.0, 0.0, 0.0, 0.0, 0.0, 2.25, 4.66, 6.94, 9.21, 11.9, 15.15, 19.06, 23.21, 27.34, 31.11, 34.76, 37.89, 40.38, 42.36, 43.93, 45.18, 46.17, 46.96, 47.58, 48.08, 48.48, 48.79, 49.04, 49.24, 49.39, 49.52, 49.62, 49.7, 49.76, 49.81, 49.85, 49.88, 49.9, 49.92, 49.94, 49.95, 49.96, 49.97
1984, 0.0, 0.0, 0.0, 0.0, 0.0, 0.0, 0.0, 0.0, 0.0, 0.0, 0.0, 0.0, 0.36, 2.62, 4.83, 6.94, 9.08, 11.85, 14.93, 18.67, 22.64, 26.61, 30.15, 33.7, 36.85, 39.54, 41.69, 43.4, 44.76, 45.84, 46.69, 47.37, 47.91, 48.34, 48.68, 48.95, 49.17, 49.34, 49.48, 49.58, 49.67, 49.74, 49.79, 49.83, 49.87, 49.9, 49.92, 49.93, 49.95, 49.96, 49.97
1985, 0.0, 0.0, 0.0, 0.0, 0.0, 0.0, 0.0, 0.0, 0.0, 0.0, 0.0, 0.0, 0.28, 2.55, 4.76, 6.87, 9.02, 11.76, 14.85, 18.56, 22.55, 26.52, 30.06, 33.61, 36.78, 39.48, 41.65, 43.36, 44.73, 45.81, 46.67, 47.36, 47.9, 48.33, 48.68, 48.95, 49.16, 49.34, 49.47, 49.58, 49.67, 49.74, 49.79, 49.83, 49.87, 49.89, 49.92, 49.93, 49.95, 49.96, 49.97
1986, 0.0, 0.0, 0.0, 0.0, 0.0, 0.0, 0.0, 0.0, 0.0, 0.0, 0.0, 0.0, 0.11, 2.41, 4.62, 6.73, 8.87, 11.55, 14.63, 18.32, 22.29, 26.26, 29.81, 33.35, 36.57, 39.3, 41.5, 43.25, 44.64, 45.74, 46.62, 47.31, 47.87, 48.3, 48.65, 48.93, 49.15, 49.33, 49.46, 49.57, 49.66, 49.73, 49.79, 49.83, 49.87, 49.89, 49.92, 49.93, 49.95, 49.96, 49.97
1987, 0.0, 0.0, 0.0, 0.0, 0.0, 0.0, 0.0, 0.0, 0.0, 0.0, 0.0, 1.97, 4.18, 6.4, 8.17, 9.58, 10.69, 11.91, 15.22, 18.49, 21.88, 24.58, 27.26, 29.58, 31.41, 32.87, 34.03, 34.95, 35.68, 36.26, 36.72, 37.09, 37.38, 37.61, 37.79, 37.94, 38.05, 38.14, 38.22, 38.28, 38.32, 38.36, 38.39, 38.41, 38.43, 38.44, 38.46, 38.46, 38.47, 38.48, 38.48
1988, 0.0, 0.0, 0.0, 0.0, 0.0, 0.0, 0.0, 0.0, 0.0, 0.0, 0.0, 0.0, 2.5, 5.07, 7.12, 8.74, 10.03, 11.05, 14.05, 16.92, 19.2, 21.01, 22.45, 23.59, 24.5, 25.22, 25.79, 26.24, 26.6, 26.89, 27.12, 27.3, 27.44, 27.56, 27.65, 27.72, 27.78, 27.82, 27.86, 27.89, 27.91, 27.93, 27.94, 27.96, 27.96, 27.97, 27.98, 27.98, 27.99, 27.99, 27.99
1989, 0.0, 0.0, 0.0, 0.0, 0.0, 0.0, 0.0, 0.0, 0.0, 0.0, 0.0, 0.0, 2.6, 5.15, 7.18, 8.79, 10.06, 11.08, 14.15, 17.0, 19.26, 21.06, 22.49, 23.62, 24.52, 25.24, 25.81, 26.26, 26.62, 26.9, 27.13, 27.31, 27.45, 27.56, 27.65, 27.72, 27.78, 27.83, 27.86, 27.89, 27.91, 27.93, 27.94, 27.96, 27.97, 27.97, 27.98, 27.98, 27.99, 27.99, 27.99
1990, 0.0, 0.0, 0.0, 0.0, 0.0, 0.0, 0.0, 0.0, 0.0, 0.0, 0.0, 0.0, 2.67, 5.21, 7.22, 8.82, 10.09, 11.1, 14.23, 17.06, 19.31, 21.1, 22.52, 23.64, 24.54, 25.25, 25.82, 26.27, 26.62, 26.91, 27.13, 27.31, 27.45, 27.56, 27.65, 27.73, 27.78, 27.83, 27.86, 27.89, 27.91, 27.93, 27.95, 27.96, 27.97, 27.97, 27.98, 27.98, 27.99, 27.99, 27.99
1991, 0.0, 0.0, 0.0, 0.0, 0.0, 0.0, 0.0, 0.0, 0.0, 0.0, 0.0, 0.0, 2.63, 5.17, 7.2, 8.8, 10.08, 11.09, 14.17, 17.01, 19.27, 21.51, 23.46, 25.01, 26.24, 27.22, 28.0, 28.62, 29.11, 29.5, 29.81, 30.05, 30.25, 30.4, 30.52, 30.62, 30.7, 30.76, 30.81, 30.85, 30.88, 30.91, 30.92, 30.94, 30.95, 30.96, 30.97, 30.98, 30.98, 30.98, 30.99
1992, 0.0, 0.0, 0.0, 0.0, 0.0, 0.0, 0.0, 0.0, 0.0, 0.0, 0.0, 0.0, 2.36, 4.96, 7.03, 8.67, 9.97, 11.0, 13.87, 16.77, 19.08, 21.3, 23.3, 24.88, 26.14, 27.14, 27.93, 28.56, 29.07, 29.46, 29.78, 30.03, 30.23, 30.39, 30.51, 30.61, 30.69, 30.76, 30.81, 30.85, 30.88, 30.9, 30.92, 30.94, 30.95, 30.96, 30.97, 30.98, 30.98, 30.98, 30.99
1993, 0.0, 0.0, 0.0, 0.0, 0.0, 0.0, 0.0, 0.0, 0.0, 0.0, 0.0, 0.0, 2.31, 4.92, 7.0, 8.64, 9.95, 10.99, 13.83, 16.75, 19.06, 21.28, 23.28, 25.74, 27.85, 29.9, 31.89, 33.48, 34.74, 35.74, 36.53, 37.16, 37.66, 38.06, 38.38, 38.63, 38.83, 38.99, 39.11, 39.21, 39.29, 39.36, 39.41, 39.45, 39.48, 39.5, 39.52, 39.54, 39.55, 39.56, 39.57
1994, 0.0, 0.0, 0.0, 0.0, 0.0, 0.0, 0.0, 0.0, 0.0, 0.0, 0.0, 0.0, 2.34, 4.94, 7.01, 8.65, 9.96, 11.0, 13.81, 16.73, 19.05, 21.27, 23.27, 25.83, 27.92, 30.03, 32.0, 33.56, 34.8, 35.79, 36.57, 37.2, 37.69, 38.08, 38.4, 38.64, 38.84, 39.0, 39.12, 39.22, 39.3, 39.36, 39.41, 39.45, 39.48, 39.5, 39.52, 39.54, 39.55, 39.56, 39.57
1995, 0.0, 0.0, 0.0, 0.0, 0.0, 0.0, 0.0, 0.0, 0.0, 0.0, 0.0, 0.0, 2.29, 4.91, 6.98, 8.63, 9.94, 10.98, 13.81, 16.73, 19.05, 21.27, 23.27, 25.83, 27.92, 30.04, 32.01, 33.57, 34.81, 35.79, 36.58, 37.2, 37.69, 38.08, 38.4, 38.64, 38.84, 39.0, 39.12, 39.22, 39.3, 39.36, 39.41, 39.45, 39.48, 39.5, 39.52, 39.54, 39.55, 39.56, 39.57
1996, 0.0, 0.0, 0.0, 0.0, 0.0, 0.0, 0.0, 0.0, 0.0, 0.0, 0.0, 0.0, 2.37, 4.97, 7.03, 8.67, 9.97, 11.01, 13.85, 16.76, 19.07, 21.29, 23.29, 25.86, 27.94, 30.06, 32.02, 33.58, 34.82, 35.8, 36.58, 37.2, 37.7, 38.09, 38.4, 38.65, 38.84, 39.0, 39.12, 39.22, 39.3, 39.36, 39.41, 39.45, 39.48, 39.5, 39.52, 39.54, 39.55, 39.56, 39.57
1997, 0.0, 0.0, 0.0, 0.0, 0.0, 0.0, 0.0, 0.0, 0.0, 0.0, 0.0, 0.0, 2.3, 4.91, 6.98, 8.63, 9.94, 10.98, 13.79, 16.71, 19.03, 21.25, 23.25, 25.81, 27.91, 30.02, 31.99, 33.55, 34.8, 35.78, 36.57, 37.19, 37.69, 38.08, 38.39, 38.64, 38.84, 39.0, 39.12, 39.22, 39.3, 39.36, 39.41, 39.45, 39.48, 39.5, 39.52, 39.54, 39.55, 39.56, 39.57
1998, 0.0, 0.0, 0.0, 0.0, 0.0, 0.0, 0.0, 0.0, 0.0, 0.0, 0.0, 0.0, 2.12, 4.77, 6.88, 8.55, 9.87, 10.93, 13.6, 16.56, 18.92, 21.12, 23.16, 25.68, 27.81, 29.9, 31.89, 33.48, 34.74, 35.74, 36.53, 37.16, 37.66, 38.06, 38.38, 38.63, 38.83, 38.99, 39.11, 39.21, 39.29, 39.36, 39.41, 39.45, 39.48, 39.5, 39.52, 39.54, 39.55, 39.56, 39.57
1999, 0.0, 0.0, 0.0, 0.0, 0.0, 0.0, 0.0, 0.0, 0.0, 0.0, 0.0, 0.0, 2.22, 4.85, 6.94, 8.6, 9.91, 10.96, 13.7, 16.64, 18.97, 21.18, 23.2, 25.74, 27.85, 29.95, 31.94, 33.51, 34.77, 35.76, 36.55, 37.18, 37.68, 38.07, 38.39, 38.64, 38.83, 38.99, 39.12, 39.22, 39.29, 39.36, 39.41, 39.45, 39.48, 39.5, 39.52, 39.54, 39.55, 39.56, 39.57
2000, 0.0, 0.0, 0.0, 0.0, 0.0, 0.0, 0.0, 0.0, 0.0, 0.0, 0.0, 0.0, 2.38, 4.98, 7.04, 8.68, 9.98, 11.01, 13.89, 16.79, 19.1, 21.32, 23.31, 25.89, 27.97, 30.09, 32.05, 33.6, 34.84, 35.82, 36.59, 37.21, 37.7, 38.09, 38.4, 38.65, 38.84, 39.0, 39.12, 39.22, 39.3, 39.36, 39.41, 39.45, 39.48, 39.5, 39.52, 39.54, 39.55, 39.56, 39.57
2001, 0.0, 0.0, 0.0, 0.0, 0.0, 0.0, 0.0, 0.0, 0.0, 0.0, 0.0, 0.0, 2.31, 4.92, 7.0, 8.64, 9.95, 10.99, 13.76, 16.59, 18.83, 21.0, 22.95, 25.49, 27.55, 29.65, 31.59, 33.13, 34.36, 35.34, 36.11, 36.73, 37.21, 37.6, 37.91, 38.15, 38.35, 38.5, 38.63, 38.72, 38.8, 38.86, 38.91, 38.95, 38.98, 39.01, 39.02, 39.04, 39.05, 39.06, 39.07
2002, 0.0, 0.0, 0.0, 0.0, 0.0, 0.0, 0.0, 0.0, 0.0, 0.0, 0.0, 0.0, 1.4, 3.17, 4.79, 6.89, 8.56, 9.88, 12.63, 15.59, 17.93, 20.14, 22.17, 24.7, 26.81, 28.91, 30.9, 32.49, 33.74, 34.74, 35.54, 36.17, 36.67, 37.06, 37.38, 37.63, 37.83, 37.99, 38.11, 38.21, 38.29, 38.36, 38.41, 38.45, 38.48, 38.5, 38.52, 38.54, 38.55, 38.56, 38.57
2003, 0.0, 0.0, 0.0, 0.0, 0.0, 0.0, 0.0, 0.0, 0.0, 0.0, 0.0, 0.0, 0.0, 1.92, 3.58, 5.47, 7.43, 8.99, 11.28, 14.11, 16.35, 18.42, 20.39, 22.84, 24.93, 26.81, 28.49, 29.83, 30.9, 31.74, 32.41, 32.94, 33.37, 33.7, 33.97, 34.18, 34.35, 34.48, 34.59, 34.67, 34.74, 34.79, 34.84, 34.87, 34.9, 34.92, 34.93, 34.95, 34.96, 34.97, 34.97
2004, 0.0, 0.0, 0.0, 0.0, 0.0, 0.0, 0.0, 0.0, 0.0, 0.0, 0.0, 0.0, 0.0, 1.96, 3.61, 5.52, 7.47, 9.02, 10.25, 13.16, 15.6, 17.84, 19.93, 22.49, 24.65, 26.6, 28.32, 29.7, 30.79, 31.65, 32.34, 32.89, 33.32, 33.67, 33.94, 34.16, 34.33, 34.47, 34.58, 34.67, 34.73, 34.79, 34.83, 34.87, 34.89, 34.92, 34.93, 34.95, 34.96, 34.97, 34.97
2005, 0.0, 0.0, 0.0, 0.0, 0.0, 0.0, 0.0, 0.0, 0.0, 0.0, 0.0, 0.0, 0.0, 1.99, 3.63, 5.57, 7.51, 9.05, 10.27, 13.25, 15.67, 17.92, 19.99, 22.58, 24.72, 26.67, 28.38, 29.75, 30.83, 31.68, 32.37, 32.91, 33.34, 33.68, 33.95, 34.17, 34.34, 34.47, 34.58, 34.67, 34.74, 34.79, 34.83, 34.87, 34.9, 34.92, 34.93, 34.95, 34.96, 34.97, 34.97
2006, 0.0, 0.0, 0.0, 0.0, 0.0, 0.0, 0.0, 0.0, 0.0, 0.0, 0.0, 0.0, 0.0, 2.0, 3.65, 5.58, 7.52, 9.06, 10.28, 13.26, 15.68, 17.93, 20.0, 22.59, 24.73, 26.68, 28.39, 29.75, 30.83, 31.69, 32.37, 32.91, 33.34, 33.68, 33.95, 34.17, 34.34, 34.48, 34.58, 34.67, 34.74, 34.79, 34.83, 34.87, 34.9, 34.92, 34.93, 34.95, 34.96, 34.97, 34.97
2007, 0.0, 0.0, 0.0, 0.0, 0.0, 0.0, 0.0, 0.0, 0.0, 0.0, 0.0, 0.0, 0.0, 1.92, 3.58, 5.49, 7.45, 9.0, 10.23, 13.15, 15.58, 17.83, 19.92, 22.48, 24.65, 26.6, 28.33, 29.7, 30.79, 31.65, 32.34, 32.89, 33.32, 33.67, 33.94, 34.16, 34.33, 34.47, 34.58, 34.67, 34.73, 34.79, 34.83, 34.87, 34.89, 34.92, 34.93, 34.95, 34.96, 34.97, 34.97
2008, 0.0, 0.0, 0.0, 0.0, 0.0, 0.0, 0.0, 0.0, 0.0, 0.0, 0.0, 0.0, 0.02, 2.08, 3.71, 5.66, 7.58, 9.11, 10.33, 13.35, 15.74, 18.0, 20.06, 22.65, 24.78, 26.73, 28.43, 29.78, 30.86, 31.71, 32.39, 32.92, 33.35, 33.69, 33.96, 34.17, 34.34, 34.48, 34.59, 34.67, 34.74, 34.79, 34.84, 34.87, 34.9, 34.92, 34.93, 34.95, 34.96, 34.97, 34.97
2009, 0.0, 0.0, 0.0, 0.0, 0.0, 0.0, 0.0, 0.0, 0.0, 0.0, 0.0, 0.0, 0.0, 1.68, 3.39, 5.21, 7.22, 8.82, 10.09, 12.79, 15.3, 17.52, 19.68, 22.16, 24.39, 26.34, 28.12, 29.54, 30.66, 31.55, 32.26, 32.83, 33.27, 33.63, 33.91, 34.13, 34.31, 34.45, 34.57, 34.66, 34.73, 34.78, 34.83, 34.86, 34.89, 34.91, 34.93, 34.95, 34.96, 34.97, 34.97
2010, 0.0, 0.0, 0.0, 0.0, 0.0, 0.0, 0.0, 0.0, 0.0, 0.0, 0.0, 0.0, 0.0, 1.82, 3.5, 5.36, 7.34, 8.92, 10.17, 12.98, 15.45, 17.68, 19.8, 22.33, 24.52, 26.47, 28.22, 29.62, 30.72, 31.6, 32.3, 32.86, 33.3, 33.65, 33.93, 34.15, 34.32, 34.46, 34.57, 34.66, 34.73, 34.79, 34.83, 34.86, 34.89, 34.91, 34.93, 34.95, 34.96, 34.97, 34.97
2011, 0.0, 0.0, 0.0, 0.0, 0.0, 0.0, 0.0, 0.0, 0.0, 0.0, 0.0, 0.0, 0.0, 1.93, 3.59, 5.5, 7.45, 9.0, 10.24, 13.16, 15.59, 17.84, 19.93, 22.49, 24.65, 26.6, 28.33, 29.7, 30.79, 31.66, 32.34, 32.89, 33.32, 33.67, 33.94, 34.16, 34.33, 34.47, 34.58, 34.67, 34.73, 34.79, 34.83, 34.87, 34.89, 34.92, 34.93, 34.95, 34.96, 34.97, 34.97
2012, 0.0, 0.0, 0.0, 0.0, 0.0, 0.0, 0.0, 0.0, 0.0, 0.0, 0.0, 0.0, 0.0, 1.89, 3.56, 5.45, 7.41, 8.97, 10.21, 13.11, 15.55, 17.8, 19.9, 22.45, 24.62, 26.57, 28.3, 29.68, 30.78, 31.64, 32.33, 32.88, 33.32, 33.66, 33.94, 34.16, 34.33, 34.47, 34.58, 34.66, 34.73, 34.79, 34.83, 34.87, 34.89, 34.92, 34.93, 34.95, 34.96, 34.97, 34.97
2013, 0.0, 0.0, 0.0, 0.0, 0.0, 0.0, 0.0, 0.0, 0.0, 0.0, 0.0, 0.0, 0.0, 1.8, 3.49, 5.35, 7.33, 8.91, 10.16, 12.98, 15.45, 17.69, 19.81, 22.34, 24.53, 26.48, 29.16, 31.31, 33.01, 34.37, 35.44, 36.3, 36.98, 37.52, 37.94, 38.29, 38.56, 38.77, 38.94, 39.08, 39.18, 39.27, 39.34, 39.39, 39.43, 39.47, 39.5, 39.52, 39.53, 39.55, 39.56
2014, 0.0, 0.0, 0.0, 0.0, 0.0, 0.0, 0.0, 0.0, 0.0, 0.0, 0.0, 0.0, 0.0, 1.8, 3.49, 5.35, 7.33, 8.91, 10.16, 12.97, 15.44, 17.68, 19.8, 22.33, 24.52, 26.47, 29.15, 31.3, 33.01, 34.36, 35.44, 36.3, 36.98, 37.52, 37.94, 38.28, 38.56, 38.77, 38.94, 39.08, 39.18, 39.27, 39.34, 39.39, 39.43, 39.47, 39.5, 39.52, 39.53, 39.55, 39.56
2015, 0.0, 0.0, 0.0, 0.0, 0.0, 0.0, 0.0, 0.0, 0.0, 0.0, 0.0, 0.0, 0.0, 1.68, 3.39, 5.2, 7.22, 8.82, 10.09, 12.8, 15.31, 17.53, 19.68, 22.17, 24.4, 26.35, 29.0, 31.18, 32.91, 34.29, 35.38, 36.25, 36.94, 37.48, 37.92, 38.27, 38.54, 38.76, 38.93, 39.07, 39.18, 39.26, 39.33, 39.39, 39.43, 39.47, 39.49, 39.52, 39.53, 39.55, 39.56
2016, 0.0, 0.0, 0.0, 0.0, 0.0, 0.0, 0.0, 0.0, 0.0, 0.0, 0.0, 0.0, 0.0, 1.78, 3.47, 5.31, 7.31, 8.89, 10.15, 12.91, 15.4, 17.63, 19.76, 22.27, 24.48, 26.43, 29.09, 31.25, 32.97, 34.33, 35.42, 36.28, 36.96, 37.5, 37.93, 38.28, 38.55, 38.77, 38.94, 39.07, 39.18, 39.27, 39.34, 39.39, 39.43, 39.47, 39.49, 39.52, 39.53, 39.55, 39.56
2017, 0.0, 0.0, 0.0, 0.0, 0.0, 0.0, 0.0, 0.0, 0.0, 0.0, 0.0, 0.0, 0.0, 1.89, 3.56, 5.46, 7.43, 8.98, 10.22, 13.08, 15.53, 17.77, 19.87, 22.41, 24.59, 26.54, 29.23, 31.36, 33.06, 34.4, 35.47, 36.32, 36.99, 37.53, 37.96, 38.29, 38.56, 38.78, 38.95, 39.08, 39.19, 39.27, 39.34, 39.39, 39.44, 39.47, 39.5, 39.52, 39.53, 39.55, 39.56
2018, 0.0, 0.0, 0.0, 0.0, 0.0, 0.0, 0.0, 0.0, 0.0, 0.0, 0.0, 0.0, 0.0, 0.0, 0.0, 0.56, 2.5, 4.38, 5.95, 7.38, 10.38, 12.77, 15.0, 16.85, 19.13, 22.14, 24.78, 27.27, 29.27, 30.86, 32.13, 33.13, 33.92, 34.56, 35.06, 35.46, 35.78, 36.03, 36.23, 36.39, 36.51, 36.61, 36.69, 36.76, 36.81, 36.85, 36.88, 36.9, 36.92, 36.94, 36.95
2019, 0.0, 0.0, 0.0, 0.0, 0.0, 0.0, 0.0, 0.0, 0.0, 0.0, 0.0, 0.0, 0.0, 0.0, 0.0, 0.57, 2.51, 4.39, 5.96, 7.38, 10.38, 12.77, 15.0, 16.85, 19.12, 22.12, 24.77, 27.26, 29.26, 30.86, 32.12, 33.12, 33.92, 34.55, 35.06, 35.46, 35.77, 36.03, 36.23, 36.39, 36.51, 36.61, 36.69, 36.76, 36.81, 36.85, 36.88, 36.9, 36.92, 36.94, 36.95
2020, 0.0, 0.0, 0.0, 0.0, 0.0, 0.0, 0.0, 0.0, 0.0, 0.0, 0.0, 0.0, 0.0, 0.0, 0.0, 0.54, 2.48, 4.36, 5.93, 7.32, 10.34, 12.73, 14.96, 16.82, 19.07, 22.07, 24.73, 27.22, 29.23, 30.83, 32.1, 33.11, 33.91, 34.54, 35.05, 35.45, 35.77, 36.02, 36.22, 36.38, 36.51, 36.61, 36.69, 36.75, 36.8, 36.85, 36.88, 36.9, 36.92, 36.94, 36.95
2021, 0.0, 0.0, 0.0, 0.0, 0.0, 0.0, 0.0, 0.0, 0.0, 0.0, 0.0, 0.0, 0.0, 0.0, 0.0, 0.85, 2.73, 4.62, 6.13, 7.82, 10.74, 13.05, 15.27, 17.07, 19.52, 22.52, 25.12, 27.57, 29.51, 31.05, 32.27, 33.24, 34.02, 34.63, 35.12, 35.5, 35.81, 36.06, 36.25, 36.4, 36.53, 36.62, 36.7, 36.76, 36.81, 36.85, 36.88, 36.91, 36.93, 36.94, 36.95
2022, 0.0, 0.0, 0.0, 0.0, 0.0, 0.0, 0.0, 0.0, 0.0, 0.0, 0.0, 0.0, 0.0, 0.0, 0.0, 1.26, 3.12, 4.94, 6.4, 8.46, 11.24, 13.5, 15.66, 17.38, 20.08, 23.08, 25.66, 27.99, 29.84, 31.32, 32.48, 33.41, 34.15, 34.74, 35.2, 35.57, 35.87, 36.1, 36.28, 36.43, 36.55, 36.64, 36.72, 36.77, 36.82, 36.86, 36.89, 36.91, 36.93, 36.94, 36.95
2023, 0.0, 0.0, 0.0, 0.0, 0.0, 0.0, 0.0, 0.0, 0.0, 0.0, 0.0, 0.0, 0.0, 0.0, 0.0, 1.02, 2.88, 4.75, 6.24, 8.08, 10.94, 13.22, 15.43, 17.19, 19.75, 22.75, 25.34, 27.74, 29.64, 31.16, 32.36, 33.31, 34.07, 34.67, 35.15, 35.53, 35.83, 36.07, 36.26, 36.42, 36.54, 36.63, 36.71, 36.77, 36.82, 36.85, 36.88, 36.91, 36.93, 36.94, 36.95
2024, 0.0, 0.0, 0.0, 0.0, 0.0, 0.0, 0.0, 0.0, 0.0, 0.0, 0.0, 0.0, 0.0, 0.0, 0.0, 0.77, 2.67, 4.55, 6.08, 7.68, 10.63, 12.97, 15.19, 17.0, 19.4, 22.4, 25.01, 27.47, 29.43, 30.99, 32.23, 33.21, 33.99, 34.61, 35.1, 35.49, 35.8, 36.05, 36.24, 36.4, 36.52, 36.62, 36.7, 36.76, 36.81, 36.85, 36.88, 36.9, 36.92, 36.94, 36.95
